leg,tickLead,tickRace,distance,area
0,82507.0,,106.226,0.0
0,82577.0,,106.21,0.0
0,82582.0,,106.11,0.0
0,82587.0,,106.008,0.0
0,82592.0,,105.904,0.0
0,82597.0,,105.8,0.0
0,82602.0,,105.695,0.0
0,82607.0,,105.596,0.0
0,82612.0,,105.499,0.0
0,82617.0,,105.407,0.0
0,82622.0,,105.315,0.0
0,82627.0,,105.216,0.0
0,82632.0,,105.119,0.0
0,82637.0,,105.046,0.0
0,82642.0,,104.994,0.0
0,82647.0,,104.99,0.0
0,84147.0,,104.963,0.0
0,84152.0,,104.888,0.0
0,84157.0,,104.817,0.0
0,84162.0,,104.75,0.0
0,84167.0,,104.676,0.0
0,84172.0,,104.595,0.0
0,84177.0,,104.515,0.0
0,84182.0,,104.437,0.0
0,84187.0,,104.353,0.0
0,84192.0,,104.272,0.0
0,84197.0,,104.193,0.0
0,84202.0,,104.11,0.0
0,84207.0,,104.03,0.0
0,84212.0,,103.952,0.0
0,84217.0,,103.876,0.0
0,84222.0,,103.803,0.0
0,84227.0,,103.724,0.0
0,84232.0,,103.647,0.0
0,84237.0,,103.561,0.0
0,84242.0,,103.477,0.0
0,84247.0,,103.388,0.0
0,84252.0,,103.299,0.0
0,84257.0,,103.221,0.0
0,84263.0,,103.142,0.0
0,84268.0,,103.062,0.0
0,84273.0,,102.995,0.0
0,84278.0,,102.911,0.0
0,84283.0,,102.829,0.0
0,84288.0,,102.744,0.0
0,84293.0,,102.671,0.0
0,84298.0,,102.582,0.0
0,84303.0,,102.511,0.0
0,84308.0,,102.435,0.0
0,84313.0,,102.349,0.0
0,84318.0,,102.253,0.0
0,84323.0,,102.165,0.0
0,84328.0,,102.065,0.0
0,84333.0,,101.97,0.0
0,84338.0,,101.869,0.0
0,84343.0,,101.783,0.0
0,84348.0,,101.688,0.0
0,84353.0,,101.602,0.0
0,84358.0,,101.501,0.0
0,84363.0,,101.459,0.0
0,84388.0,,101.425,0.0
0,84393.0,,101.394,0.0
0,84548.0,,101.379,0.0
0,84553.0,,101.306,0.0
0,84558.0,,101.23,0.0
0,84563.0,,101.157,0.0
0,84568.0,,101.084,0.0
0,84573.0,,101.006,0.0
0,84578.0,,100.929,0.0
0,84583.0,,100.849,0.0
0,84588.0,,100.79,0.0
0,84829.0,,100.778,0.0
0,84854.0,,100.755,0.0
0,84859.0,,100.695,0.0
0,85044.0,,100.684,0.0
0,85049.0,,100.618,0.0
0,85054.0,,100.58,0.0
0,85059.0,,100.569,0.0
0,85114.0,,100.521,0.0
0,85119.0,,100.491,0.0
0,85144.0,,100.49,0.0
1,86503.0,,100.401,8.356984452187732e-8
1,86508.0,,100.299,9.569114546436903e-8
1,86513.0,,100.206,8.716807704075766e-8
1,86518.0,,100.102,9.738813362672723e-8
1,86523.0,,99.998,9.729262806112647e-8
1,86528.0,,99.891,9.999937279505652e-8
1,86533.0,,99.807,7.843369939821166e-8
1,86538.0,,99.742,6.065096340499671e-8
1,86543.0,,99.667,6.993682340159928e-8
1,86548.0,,99.589,7.268268867374138e-8
1,86553.0,,99.502,8.100670057120572e-8
1,86558.0,,99.418,7.815070267256188e-8
1,86563.0,,99.332,7.994767261298493e-8
1,86568.0,,99.255,7.152648147304876e-8
1,86573.0,,99.164,8.446466300214511e-8
1,86578.0,,99.076,8.161114063829862e-8
1,86583.0,,98.993,7.691218835214659e-8
1,86588.0,,98.904,8.240524657294158e-8
1,86593.0,,98.824,7.401314928381219e-8
1,86598.0,,98.726,9.05897183070609e-8
1,86603.0,,98.631,8.77358351089802e-8
1,86608.0,,98.532,9.134537425844233e-8
1,86613.0,,98.439,8.573067778546153e-8
1,86618.0,,98.357,7.552769110655913e-8
1,86623.0,,98.285,6.626892675087473e-8
1,86628.0,,98.191,8.644971917014996e-8
1,86633.0,,98.097,8.637198383855963e-8
1,86638.0,,98.0,8.904694812484702e-8
1,86643.0,,97.911,8.163008463979125e-8
1,86648.0,,97.823,8.064462445821011e-8
1,86653.0,,97.726,8.881347726756736e-8
1,86658.0,,97.641,7.775829557310015e-8
1,86664.0,,97.547,8.591868773928785e-8
1,86669.0,,97.457,8.218976760019733e-8
1,86674.0,,97.375,7.48222766021757e-8
1,86679.0,,97.29,7.74976671706926e-8
1,86684.0,,97.192,8.927140472953152e-8
1,86689.0,,97.087,9.555360776680091e-8
1,86694.0,,96.985,9.272995140398177e-8
1,86699.0,,96.867,1.0716039829316308e-7
1,86704.0,,96.755,1.0159674536955209e-7
1,86709.0,,96.646,9.876824305251344e-8
1,86714.0,,96.536,9.956724734898457e-8
1,86719.0,,96.433,9.31337241751393e-8
1,86724.0,,96.327,9.574806835041369e-8
1,86729.0,,96.21,1.0556801091513884e-7
1,86734.0,,96.096,1.0274365211080638e-7
1,86739.0,,95.992,9.363019383128912e-8
1,86744.0,,95.898,8.45449319099655e-8
1,86749.0,,95.791,9.61420513089027e-8
1,86754.0,,95.678,1.0142251091024031e-7
1,86759.0,,95.583,8.517899320726581e-8
1,86764.0,,95.474,9.763307216430615e-8
1,86769.0,,95.367,9.573880250496386e-8
1,86774.0,,95.26,9.563695626763603e-8
1,86779.0,,95.154,9.464274331429547e-8
1,86784.0,,95.041,1.007825030015351e-7
1,86789.0,,94.921,1.0690071285774905e-7
1,86794.0,,94.804,1.0410415526754312e-7
1,86799.0,,94.68,1.1019880587784517e-7
1,86804.0,,94.558,1.082868837577203e-7
1,86809.0,,94.449,9.663558446260665e-8
1,86814.0,,94.331,1.0449504409411143e-7
1,86819.0,,94.217,1.0083458102183563e-7
1,86824.0,,94.105,9.895250842070365e-8
1,86829.0,,93.998,9.4430488542188e-8
1,86834.0,,93.895,9.080412336944175e-8
1,86839.0,,93.805,7.92664727683716e-8
1,86844.0,,93.726,6.951970441951328e-8
1,86849.0,,93.647,6.946513135590734e-8
1,86854.0,,93.586,5.360064216933289e-8
1,86859.0,,93.559,2.371508879837897e-8
1,86864.0,,93.55,7.903963916693912e-9
1,86969.0,,93.504,4.043498117666535e-8
1,86974.0,,93.452,4.5687788085072784e-8
1,86979.0,,93.408,3.864126795934157e-8
1,86984.0,,93.369,3.423696942933267e-8
1,86989.0,,93.31,5.17701893323575e-8
1,86994.0,,93.252,5.0863755174438577e-8
1,86999.0,,93.198,4.733020066091823e-8
1,87004.0,,93.169,2.5408215803271533e-8
1,87009.0,,93.139,2.627755012970756e-8
1,87014.0,,93.133,5.254796463263147e-9
1,87019.0,,93.114,1.6638911532227914e-8
1,87024.0,,93.096,1.576095337075944e-8
1,87084.0,,93.033,5.517735779055326e-8
1,87089.0,,92.954,6.914183825192711e-8
1,87094.0,,92.883,6.209358134420729e-8
1,87099.0,,92.837,4.020662441029936e-8
1,87104.0,,92.824,1.1359784018271268e-8
1,87124.0,,92.778,4.019261168872832e-8
1,87129.0,,92.739,3.4062693503881395e-8
1,87134.0,,92.729,8.732218165939224e-9
1,87149.0,,92.703,2.270326801338552e-8
1,87154.0,,92.658,3.9281325961553907e-8
1,87165.0,,92.653,4.3639651727127185e-9
1,87175.0,,92.634,1.658282219507312e-8
1,87185.0,,92.613,1.8326527698556625e-8
1,87200.0,,92.587,2.2688132652512427e-8
1,87210.0,,92.576,9.598008223911039e-9
1,87215.0,,92.567,7.852517784639748e-9
1,87225.0,,92.558,7.852654621667692e-9
1,87240.0,,92.515,3.751415036496844e-8
1,87255.0,,92.487,2.442264603453355e-8
1,87270.0,,92.474,1.1338521568792897e-8
1,87285.0,,92.468,5.233525613331493e-9
1,87300.0,,92.452,1.3956806217853403e-8
1,87340.0,,92.438,1.2215818830690072e-8
1,87360.0,,92.408,2.6176517902994612e-8
1,87375.0,,92.398,8.725115673947549e-9
1,87385.0,,92.34,5.059284002722114e-8
1,87395.0,,92.315,2.1799955376463134e-8
1,87410.0,,92.28,3.051525724847969e-8
1,87475.0,,92.262,1.5700721740003505e-8
1,87490.0,,92.248,1.221164859758023e-8
1,87495.0,,92.246,1.74446963971615e-9
1,87520.0,,92.221,2.1808908982484098e-8
1,87525.0,,92.22,8.722832341432098e-10
1,87606.0,,92.21,8.730384177195623e-9
1,87611.0,,92.2,8.72993565631355e-9
1,87771.0,,92.177,2.0111921453256498e-8
1,87776.0,,92.09,7.603447319878104e-8
1,87781.0,,92.01,6.985737092734584e-8
1,87786.0,,91.935,6.543987316079105e-8
1,87791.0,,91.86,6.539023368616719e-8
1,87796.0,,91.776,7.317787226125563e-8
1,87801.0,,91.698,6.789480288190573e-8
1,87806.0,,91.623,6.523273865623145e-8
1,87811.0,,91.542,7.039541436314278e-8
1,87816.0,,91.465,6.686517962557536e-8
1,87821.0,,91.388,6.681271663418681e-8
1,87826.0,,91.31,6.762689327657677e-8
1,87831.0,,91.223,7.536616368074622e-8
1,87836.0,,91.154,5.97254795916124e-8
1,87841.0,,91.096,5.0171922098112596e-8
1,87846.0,,91.025,6.137737401254654e-8
1,87851.0,,90.935,7.773795011758237e-8
1,87856.0,,90.851,7.249016420037014e-8
1,87861.0,,90.772,6.811801998657578e-8
1,87866.0,,90.7,6.203416139352554e-8
1,87871.0,,90.622,6.715194709918754e-8
1,87876.0,,90.532,7.741563048364831e-8
1,87881.0,,90.448,7.218929450634667e-8
1,87886.0,,90.358,7.7275706425342e-8
1,87891.0,,90.26,8.406194762994344e-8
1,87896.0,,90.179,6.94148643700821e-8
1,87901.0,,90.102,6.593293926785887e-8
1,87906.0,,90.032,5.989356846580532e-8
1,87911.0,,89.949,7.096037641720233e-8
1,87916.0,,89.85,8.455870522825653e-8
1,87921.0,,89.739,9.470289766562461e-8
1,87926.0,,89.641,8.351901220219972e-8
1,87931.0,,89.549,7.832700965967224e-8
1,87936.0,,89.45,8.420161928911594e-8
1,87941.0,,89.343,9.09062256304946e-8
1,87946.0,,89.249,7.977629878527746e-8
1,87952.0,,89.163,7.291823871284446e-8
1,87957.0,,89.08,7.03119141534121e-8
1,87962.0,,89.0,6.771239370847195e-8
1,87967.0,,88.922,6.596475794229616e-8
1,87972.0,,88.845,6.506602437231982e-8
1,87977.0,,88.773,6.079341750972148e-8
1,87982.0,,88.691,6.91808487952833e-8
1,87987.0,,88.623,5.732425081854921e-8
1,87992.0,,88.542,6.822979618569498e-8
1,87997.0,,88.451,7.658316076865212e-8
1,88002.0,,88.375,6.39028451858248e-8
1,88007.0,,88.299,6.385154180619428e-8
1,88012.0,,88.212,7.302992516007347e-8
1,88017.0,,88.128,7.044734364792739e-8
1,88022.0,,88.051,6.452143761714137e-8
1,88027.0,,87.974,6.446870059029206e-8
1,88032.0,,87.889,7.110528955690232e-8
1,88037.0,,87.803,7.187595204752289e-8
1,88042.0,,87.72,6.930586090696915e-8
1,88047.0,,87.626,7.84162766300664e-8
1,88052.0,,87.538,7.333895013226902e-8
1,88057.0,,87.445,7.743024430493829e-8
1,88062.0,,87.352,7.735233094581669e-8
1,88067.0,,87.262,7.478297022118952e-8
1,88072.0,,87.171,7.553980138725807e-8
1,88077.0,,87.076,7.878061486411577e-8
1,88082.0,,86.982,7.787121435090815e-8
1,88087.0,,86.882,8.27540817109123e-8
1,88092.0,,86.779,8.514201611683472e-8
1,88097.0,,86.691,7.266681202031328e-8
1,88102.0,,86.617,6.105258193145836e-8
1,88107.0,,86.555,5.111492332890984e-8
1,88112.0,,86.466,7.331482816711864e-8
1,88117.0,,86.381,6.995333308321135e-8
1,88122.0,,86.286,7.810615005826728e-8
1,88127.0,,86.184,8.377041343364617e-8
1,88132.0,,86.09,7.711682743493846e-8
1,88137.0,,86.003,7.130314066810546e-8
1,88142.0,,85.928,6.141384531110544e-8
1,88147.0,,85.869,4.8277309733422806e-8
1,88152.0,,85.796,5.969043247722234e-8
1,88157.0,,85.725,5.800966919534722e-8
1,88162.0,,85.639,7.020489812946619e-8
1,88167.0,,85.553,7.013841026158942e-8
1,88172.0,,85.464,7.251501144127923e-8
1,88177.0,,85.38,6.837577685039136e-8
1,88182.0,,85.282,7.969127744565423e-8
1,88187.0,,85.187,7.716876058251689e-8
1,88192.0,,85.096,7.384308193303952e-8
1,88197.0,,84.994,8.268004481453037e-8
1,88202.0,,84.898,7.773033375501364e-8
1,88207.0,,84.809,7.198810674870957e-8
1,88212.0,,84.709,8.080001216133529e-8
1,88217.0,,84.623,6.941570059751659e-8
1,88222.0,,84.532,7.33788782453101e-8
1,88227.0,,84.433,7.974462072225919e-8
1,88232.0,,84.343,7.241812238761789e-8
1,88237.0,,84.256,6.993473256585887e-8
1,88242.0,,84.189,5.381163741197368e-8
1,88247.0,,84.1,7.141897684789822e-8
1,88252.0,,84.013,6.974499455281595e-8
1,88257.0,,83.926,6.967675459855903e-8
1,88262.0,,83.84,6.880881883672888e-8
1,88267.0,,83.749,7.27366349955745e-8
1,88272.0,,83.663,6.867140611663392e-8
1,88277.0,,83.578,6.780741443520455e-8
1,88282.0,,83.49,7.013197134101334e-8
1,88287.0,,83.404,6.84705587772468e-8
1,88292.0,,83.328,6.04535548936533e-8
1,88297.0,,83.246,6.516808402982275e-8
1,88302.0,,83.183,5.0027411332056844e-8
1,88307.0,,83.089,7.457788156964504e-8
1,88312.0,,83.006,6.578430778171123e-8
1,88317.0,,82.916,7.126211852871037e-8
1,88322.0,,82.828,6.960770581829443e-8
1,88327.0,,82.739,7.032750394648588e-8
1,88332.0,,82.647,7.262273024696572e-8
1,88337.0,,82.572,5.9146879421816304e-8
1,88342.0,,82.486,6.775950026545976e-8
1,88347.0,,82.404,6.45457891028499e-8
1,88352.0,,82.329,5.898290975022899e-8
1,88357.0,,82.266,4.950694038090232e-8
1,88362.0,,82.22,3.612603063304599e-8
1,88367.0,,82.196,1.8841408634046867e-8
1,88372.0,,82.151,3.531481341415633e-8
1,88377.0,,82.095,4.392280035271216e-8
1,88382.0,,82.047,3.7626404555630484e-8
1,88387.0,,81.99,4.465529931618736e-8
1,88392.0,,81.956,2.662322363143626e-8
1,88397.0,,81.901,4.304603480438262e-8
1,88402.0,,81.864,2.89436195968547e-8
1,88407.0,,81.845,1.4858697717594139e-8
1,88412.0,,81.805,3.1271963712166874e-8
1,88417.0,,81.759,3.594589216429116e-8
1,88422.0,,81.72,3.046175009427515e-8
1,88427.0,,81.652,5.308103314309286e-8
1,88447.0,,81.634,1.4046641540977038e-8
1,88498.0,,81.616,1.4051642388678835e-8
1,88518.0,,81.573,3.356285270626698e-8
1,88548.0,,81.518,4.29179904710976e-8
1,88553.0,,81.505,1.0140595268561325e-8
1,88598.0,,81.49,1.1704622117665661e-8
1,88818.0,,81.48,7.821257646121264e-9
1,88823.0,,81.39,7.035208624777236e-8
1,88828.0,,81.29,7.80821899039553e-8
1,88833.0,,81.197,7.253436868100659e-8
1,88838.0,,81.098,7.712710763886161e-8
1,88843.0,,81.002,7.470426557377733e-8
1,88848.0,,80.909,7.228944612977986e-8
1,88853.0,,80.802,8.307366553564565e-8
1,88858.0,,80.689,8.76175769742616e-8
1,88863.0,,80.585,8.053536017885925e-8
1,88868.0,,80.479,8.198184533095817e-8
1,88873.0,,80.38,7.647479774840628e-8
1,88878.0,,80.284,7.407165000191914e-8
1,88883.0,,80.192,7.090625694051116e-8
1,88888.0,,80.094,7.544539537370477e-8
1,88893.0,,79.998,7.382039487242035e-8
1,88898.0,,79.917,6.222059347900415e-8
1,88903.0,,79.839,5.985992034035428e-8
1,88908.0,,79.751,6.746788953568524e-8
1,88913.0,,79.656,7.275522619625946e-8
1,88918.0,,79.565,6.961444462264333e-8
1,88924.0,,79.473,7.0303291800523e-8
1,88929.0,,79.381,7.022590239653682e-8
1,88934.0,,79.296,6.481397693743145e-8
1,88939.0,,79.212,6.398683835807302e-8
1,88944.0,,79.13,6.240143439335673e-8
1,88949.0,,79.049,6.158044911143243e-8
1,88954.0,,78.959,6.835259461521378e-8
1,88959.0,,78.871,6.676211068584754e-8
1,88964.0,,78.78,6.896366937756177e-8
1,88969.0,,78.68,7.569669075212192e-8
1,88974.0,,78.581,7.48492202861726e-8
1,88979.0,,78.488,7.023100535394352e-8
1,88984.0,,78.393,7.16595069936633e-8
1,88989.0,,78.308,6.404643454437929e-8
1,88994.0,,78.217,6.849419559754865e-8
1,88999.0,,78.138,5.9400750151656885e-8
1,89004.0,,78.055,6.234722400735055e-8
1,89009.0,,77.967,6.603442068693088e-8
1,89014.0,,77.879,6.59636360592483e-8
1,89019.0,,77.799,5.990566304202442e-8
1,89024.0,,77.723,5.6856545125016373e-8
1,89029.0,,77.643,5.979231995138169e-8
1,89034.0,,77.555,6.570412183888728e-8
1,89039.0,,77.465,6.712409652704172e-8
1,89044.0,,77.383,6.109308431645646e-8
1,89049.0,,77.289,6.99578637247002e-8
1,89054.0,,77.198,6.764795940999563e-8
1,89059.0,,77.113,6.311921125232208e-8
1,89064.0,,77.024,6.601871124051891e-8
1,89069.0,,76.931,6.890825632057643e-8
1,89074.0,,76.833,7.252698714313049e-8
1,89079.0,,76.725,7.982510032460311e-8
1,89084.0,,76.636,6.570109157511635e-8
1,89089.0,,76.54,7.07870769158476e-8
1,89094.0,,76.445,6.996629087341281e-8
1,89099.0,,76.34,7.723440138727416e-8
1,89104.0,,76.242,7.199370379999264e-8
1,89109.0,,76.138,7.630461685204676e-8
1,89114.0,,76.033,7.693696833881657e-8
1,89119.0,,75.918,8.414719528247612e-8
1,89124.0,,75.792,9.205499545944448e-8
1,89129.0,,75.68,8.170287779645773e-8
1,89134.0,,75.587,6.775455173909064e-8
1,89139.0,,75.471,8.439902211984766e-8
1,89144.0,,75.365,7.701422104744327e-8
1,89149.0,,75.236,9.358408088518741e-8
1,89154.0,,75.13,7.678285966059066e-8
1,89159.0,,75.016,8.24615975810482e-8
1,89164.0,,74.927,6.429447924890234e-8
1,89169.0,,74.849,5.62883689303147e-8
1,89194.0,,74.794,3.966638967257781e-8
1,89199.0,,74.726,4.900451825191085e-8
1,89204.0,,74.665,4.392447060364275e-8
1,89209.0,,74.615,3.5978929659865666e-8
1,89224.0,,74.609,4.316577615542997e-9
1,89645.0,,74.546,4.55168684371628e-8
1,89650.0,,74.472,5.3418130097144525e-8
1,89655.0,,74.384,6.345874356478033e-8
1,89660.0,,74.305,5.6907905799588404e-8
1,89665.0,,74.213,6.619997262783433e-8
1,89670.0,,74.119,6.755816009507496e-8
1,89675.0,,74.026,6.675891500179971e-8
1,89680.0,,73.944,5.879644433251101e-8
1,89685.0,,73.861,5.9450425610024466e-8
1,89690.0,,73.774,6.224730344226699e-8
1,89695.0,,73.688,6.146313989767079e-8
1,89700.0,,73.591,6.924253217885416e-8
1,89705.0,,73.489,7.271740646690497e-8
1,89710.0,,73.39,7.048613475075681e-8
1,89715.0,,73.268,8.673583979590996e-8
1,89720.0,,73.174,6.673454557779697e-8
1,89725.0,,73.07,7.3738245672282e-8
1,89730.0,,72.967,7.292991925200615e-8
1,89735.0,,72.854,7.989660404604282e-8
1,89740.0,,72.756,6.919445296458224e-8
1,89745.0,,72.65,7.47422886699171e-8
1,89750.0,,72.558,6.478594020732585e-8
1,89755.0,,72.451,7.524979550193807e-8
1,89760.0,,72.351,7.02304323091559e-8
1,89765.0,,72.233,8.275175548230838e-8
1,89770.0,,72.126,7.492500926446575e-8
1,89775.0,,72.025,7.062563808304979e-8
1,89780.0,,71.923,7.12284256844245e-8
1,89785.0,,71.83,6.485920033243447e-8
1,89790.0,,71.737,6.477888716248449e-8
1,89795.0,,71.649,6.122228206819761e-8
1,89800.0,,71.566,5.76780904642798e-8
1,89805.0,,71.488,5.4145586610593396e-8
1,89810.0,,71.41,5.4089552327259636e-8
1,89815.0,,71.354,3.8799269271239576e-8
1,89820.0,,71.286,4.7075097814676213e-8
1,89825.0,,71.209,5.325440223355653e-8
1,89830.0,,71.158,3.5242673529184924e-8
1,89835.0,,71.104,3.729032594318724e-8
1,89890.0,,71.086,1.2431423942595553e-8
1,89895.0,,71.02,4.5557493814316304e-8
1,89900.0,,70.96,4.1381483085432064e-8
1,89905.0,,70.908,3.583765404656732e-8
1,89910.0,,70.894,9.644646783641484e-9
1,89915.0,,70.89,2.7554167993416385e-9
1,89921.0,,70.834,3.856208377462157e-8
1,89926.0,,70.83,2.753421536959314e-9
1,90226.0,,70.75,5.5219381339903104e-8
1,90231.0,,70.655,6.549559312531922e-8
1,90236.0,,70.586,4.751794467375002e-8
1,90241.0,,70.509,5.297539282781398e-8
1,90246.0,,70.422,5.978905446214367e-8
1,90251.0,,70.346,5.217200085701096e-8
1,90256.0,,70.268,5.348933334861069e-8
1,90261.0,,70.192,5.2063616780229674e-8
1,90266.0,,70.186,4.108113522586656e-9
1,90291.0,,70.175,7.532715053559269e-9
1,90296.0,,70.126,3.354233530492423e-8
1,90301.0,,70.075,3.488845877963821e-8
1,90306.0,,70.002,4.9896977109753066e-8
1,90311.0,,69.933,4.711769445149081e-8
1,90316.0,,69.855,5.321047384600271e-8
1,90321.0,,69.768,5.928337125427436e-8
1,90326.0,,69.691,5.2410461964449424e-8
1,90331.0,,69.623,4.623899968601235e-8
1,90336.0,,69.541,5.5701841035896836e-8
1,90341.0,,69.461,5.428300321530479e-8
1,90346.0,,69.367,6.370621272879201e-8
1,90351.0,,69.269,6.632893073357865e-8
1,90356.0,,69.173,6.488794674627627e-8
1,90361.0,,69.112,4.1186403982661016e-8
1,90366.0,,69.039,4.924361071151287e-8
1,90371.0,,68.954,5.727604315069579e-8
1,90376.0,,68.867,5.855388326882422e-8
1,90381.0,,68.78,5.84831939415937e-8
1,90386.0,,68.712,4.566205437256418e-8
1,90391.0,,68.635,5.165388977879832e-8
1,90396.0,,68.56,5.025933041709817e-8
1,90401.0,,68.508,3.481613772129816e-8
1,90406.0,,68.449,3.9473118452666686e-8
1,90411.0,,68.378,4.745908533967428e-8
1,90416.0,,68.301,5.141688300186354e-8
1,90421.0,,68.222,5.2695090845417224e-8
1,90426.0,,68.14,5.4634688642857375e-8
1,90431.0,,68.047,6.188763297914037e-8
1,90436.0,,67.958,5.914992034192305e-8
1,90441.0,,67.856,6.769833773909042e-8
1,90447.0,,67.77,5.700376074191484e-8
1,90452.0,,67.69,5.296477964863399e-8
1,90457.0,,67.622,4.49733608731746e-8
1,90462.0,,67.534,5.813693408095958e-8
1,90467.0,,67.445,5.8723825470199335e-8
1,90472.0,,67.349,6.325923312006518e-8
1,90477.0,,67.276,4.804571999111393e-8
1,90482.0,,67.2,4.996760156164168e-8
1,90487.0,,67.131,4.531891105574689e-8
1,90492.0,,67.063,4.461903110182957e-8
1,90497.0,,66.997,4.3265853015993995e-8
1,90502.0,,66.945,3.406012498966253e-8
1,90507.0,,66.907,2.4874741062916442e-8
1,90512.0,,66.843,4.1864688445103013e-8
1,90517.0,,66.76,5.4236591908028104e-8
1,90522.0,,66.688,4.699662210176001e-8
1,90527.0,,66.621,4.3689828428072724e-8
1,90532.0,,66.544,5.0159231138862856e-8
1,90537.0,,66.484,3.90470608658179e-8
1,90542.0,,66.458,1.6910388180913924e-8
1,90547.0,,66.442,1.0403679554292849e-8
1,90552.0,,66.35,5.97758449433374e-8
1,90557.0,,66.264,5.580560106292781e-8
1,90562.0,,66.218,2.982144270587669e-8
1,90567.0,,66.169,3.1745293044048e-8
1,90572.0,,66.116,3.431218435386632e-8
1,90577.0,,66.057,3.816635003027948e-8
2,90581.0,,65.238,5.263045658700705e-7
2,90582.0,,65.235,1.9158069568921194e-9
2,90587.0,,65.211,1.532412983200374e-8
2,90592.0,,65.139,4.594109233122619e-8
2,90597.0,,65.07,4.398168346330624e-8
2,90617.0,,65.045,1.5927403863051707e-8
2,90622.0,,65.022,1.4648614145500112e-8
2,90687.0,,65.011,7.009051326151108e-9
2,90692.0,,64.944,4.2668238415561397e-8
2,90697.0,,64.872,4.5805916717617754e-8
2,90702.0,,64.802,4.4487269262921425e-8
2,90707.0,,64.728,4.6979763511035274e-8
2,90712.0,,64.637,5.770199980221443e-8
2,90717.0,,64.538,6.26859601151089e-8
2,90722.0,,64.44,6.196154913670467e-8
2,90727.0,,64.339,6.376331833227279e-8
2,90732.0,,64.239,6.303693487269588e-8
2,90737.0,,64.132,6.734464311640225e-8
2,90742.0,,64.026,6.660822662424523e-8
2,90747.0,,63.925,6.336731015137462e-8
2,90752.0,,63.826,6.20188409048985e-8
2,90757.0,,63.732,5.880085270277484e-8
2,90762.0,,63.648,5.2475009439519855e-8
2,90767.0,,63.554,5.864320700183826e-8
2,90772.0,,63.462,5.73147102311523e-8
2,90777.0,,63.369,5.7856496149464725e-8
2,90782.0,,63.279,5.591245081999647e-8
2,90787.0,,63.189,5.583605968696963e-8
2,90792.0,,63.097,5.699786067252211e-8
2,90797.0,,63.004,5.753616563888253e-8
2,90802.0,,62.92,5.189806296369009e-8
2,90807.0,,62.825,5.86140318628428e-8
2,90812.0,,62.732,5.7297418671650045e-8
2,90817.0,,62.647,5.229724565277897e-8
2,90822.0,,62.549,6.021095671286863e-8
2,90827.0,,62.455,5.766797095508362e-8
2,90832.0,,62.358,5.94207830462241e-8
2,90837.0,,62.248,6.727634053887933e-8
2,90842.0,,62.138,6.716125637977668e-8
2,90847.0,,62.028,6.704615914442138e-8
2,90852.0,,61.924,6.32833276333085e-8
2,90857.0,,61.817,6.500155248193416e-8
2,90862.0,,61.718,6.004480567804797e-8
2,90867.0,,61.639,4.7848135321140173e-8
2,90872.0,,61.565,4.476664541930243e-8
2,90877.0,,61.488,4.6526978567064024e-8
2,90882.0,,61.412,4.586815679788522e-8
2,90887.0,,61.337,4.52115016698567e-8
2,90892.0,,61.251,5.177737253547101e-8
2,90897.0,,61.171,4.810242205894264e-8
2,90902.0,,61.1,4.264058839628332e-8
2,90907.0,,61.021,4.738956329865747e-8
2,90912.0,,60.932,5.331772918671307e-8
2,90917.0,,60.843,5.3242835866612755e-8
2,90922.0,,60.75,5.5555676458674694e-8
2,90927.0,,60.661,5.308952537711083e-8
2,90932.0,,60.577,5.003832116252024e-8
2,90937.0,,60.517,3.570116890872065e-8
2,90942.0,,60.465,3.0914095330490566e-8
2,90947.0,,60.412,3.148298176687994e-8
2,90952.0,,60.345,3.97619164898941e-8
2,90957.0,,60.287,3.438702362381828e-8
2,90962.0,,60.236,3.021120498908555e-8
2,90967.0,,60.201,2.071952444243392e-8
2,90973.0,,60.172,1.7159614871366522e-8
2,90978.0,,60.127,2.661208205369544e-8
2,90983.0,,60.073,3.190997160814317e-8
2,90988.0,,60.004,4.0734367398146686e-8
2,90993.0,,59.94,3.774282672207647e-8
2,91018.0,,59.939,5.895740192563814e-10
2,91023.0,,59.911,1.6504985699791966e-8
2,91113.0,,59.847,3.773399542995965e-8
2,91118.0,,59.77,4.534775037809013e-8
2,91123.0,,59.722,2.8240736226935515e-8
2,91128.0,,59.679,2.5281113359341842e-8
2,91133.0,,59.675,2.3509347433225135e-9
2,91153.0,,59.642,1.9393454217905403e-8
2,91679.0,,59.616,1.536026381295268e-8
2,91684.0,,59.525,5.37111094603487e-8
2,91689.0,,59.427,5.775412357513326e-8
2,91694.0,,59.334,5.4722464776183195e-8
2,91699.0,,59.227,6.285765406006879e-8
2,91704.0,,59.124,6.040395473116402e-8
2,91709.0,,59.024,5.8547218845785994e-8
2,91714.0,,58.923,5.9035309631674954e-8
2,91719.0,,58.821,5.952044998031753e-8
2,91724.0,,58.725,5.592809298702841e-8
2,91729.0,,58.627,5.70021409558068e-8
2,91734.0,,58.529,5.6910038521920265e-8
2,91739.0,,58.423,6.145192016100525e-8
2,91744.0,,58.32,5.960925346542422e-8
2,91749.0,,58.212,6.239333970707753e-8
2,91754.0,,58.106,6.112878098666036e-8
2,91759.0,,57.997,6.274607279778518e-8
2,91764.0,,57.895,5.8612993616539544e-8
2,91769.0,,57.793,5.851300759422127e-8
2,91774.0,,57.7,5.326307180263221e-8
2,91779.0,,57.6,5.717952801846866e-8
2,91784.0,,57.502,5.594275674431335e-8
2,91789.0,,57.4,5.812812786348207e-8
2,91794.0,,57.298,5.8028086450797806e-8
2,91799.0,,57.2,5.5658290623306705e-8
2,91804.0,,57.101,5.613254928656396e-8
2,91809.0,,56.998,5.8300497038515186e-8
2,91814.0,,56.897,5.706934375980083e-8
2,91819.0,,56.787,6.204296254455309e-8
2,91824.0,,56.678,6.136384443830531e-8
2,91829.0,,56.57,6.068789708643818e-8
2,91834.0,,56.461,6.113578689993549e-8
2,91839.0,,56.353,6.046190649219836e-8
2,91844.0,,56.259,5.253288507385478e-8
2,91849.0,,56.156,5.7465059315725424e-8
2,91854.0,,56.054,5.680646245873672e-8
2,91859.0,,55.955,5.503991636262626e-8
2,91864.0,,55.85,5.827252197520012e-8
2,91869.0,,55.739,6.148671500934926e-8
2,91874.0,,55.635,5.750130742290881e-8
2,91879.0,,55.533,5.6294266066948796e-8
2,91885.0,,55.428,5.7845851487261106e-8
2,91890.0,,55.325,5.6640739210604165e-8
2,91895.0,,55.216,5.982871932898212e-8
2,91900.0,,55.109,5.861937216525495e-8
2,91905.0,,55.007,5.577732415999195e-8
2,91910.0,,54.905,5.5677020434005166e-8
2,91915.0,,54.8,5.720974998735338e-8
2,91920.0,,54.695,5.710334382523836e-8
2,91925.0,,54.59,5.699692574860773e-8
2,91930.0,,54.485,5.689049575746149e-8
2,91935.0,,54.387,5.300185805252858e-8
2,91940.0,,54.289,5.290931729141378e-8
2,91945.0,,54.186,5.5508940513107484e-8
2,91950.0,,54.085,5.433168734080113e-8
2,91955.0,,53.98,5.637903564844895e-8
2,91960.0,,53.879,5.413082714054128e-8
2,91965.0,,53.775,5.5635759756043386e-8
2,91970.0,,53.674,5.393092581324357e-8
2,91975.0,,53.573,5.383246421326985e-8
2,91980.0,,53.468,5.5859983040268545e-8
2,91985.0,,53.372,5.097885332166924e-8
2,91990.0,,53.263,5.777431800513028e-8
2,91995.0,,53.162,5.3431478766772986e-8
2,92000.0,,53.066,5.069510218356953e-8
2,92005.0,,52.97,5.06062243682901e-8
2,92010.0,,52.871,5.2094526773700877e-8
2,92015.0,,52.769,5.357413062350273e-8
2,92020.0,,52.667,5.347357987305447e-8
2,92025.0,,52.566,5.2850255219337645e-8
2,92030.0,,52.465,5.2751672518675076e-8
2,92035.0,,52.364,5.2653078793978734e-8
2,92040.0,,52.269,4.9435260862435264e-8
2,92045.0,,52.173,4.9867150469968145e-8
2,92050.0,,52.077,4.9778181514288295e-8
2,92055.0,,51.984,4.813780279429638e-8
2,92060.0,,51.893,4.702184861322026e-8
2,92065.0,,51.806,4.488035835678278e-8
2,92070.0,,51.715,4.6865788851967354e-8
2,92075.0,,51.625,4.627225148818375e-8
2,92080.0,,51.532,4.773257902172863e-8
2,92085.0,,51.44,4.713720259269024e-8
2,92090.0,,51.343,4.9610480605054315e-8
2,92095.0,,51.25,4.7479339399654493e-8
2,92100.0,,51.164,4.383140052641533e-8
2,92105.0,,51.081,4.2234885002326555e-8
2,92110.0,,50.972,5.536394055963383e-8
2,92115.0,,50.873,5.0184915939319925e-8
2,92120.0,,50.777,4.857362132647626e-8
2,92125.0,,50.67,5.4034162508927065e-8
2,92130.0,,50.584,4.334905643357936e-8
2,92135.0,,50.503,4.076363502893396e-8
2,92140.0,,50.425,3.9194255141198035e-8
2,92145.0,,50.348,3.863444027425731e-8
2,92150.0,,50.251,4.858796108285932e-8
2,92155.0,,50.155,4.7997403029765554e-8
2,92160.0,,50.068,4.3420723399665465e-8
2,92165.0,,49.976,4.583664687187778e-8
2,92170.0,,49.897,3.929458547951529e-8
2,92175.0,,49.8,4.8165370807212446e-8
2,92180.0,,49.699,5.0054684810817484e-8
2,92185.0,,49.583,5.7366282071221676e-8
2,92190.0,,49.462,5.969936051621295e-8
2,92195.0,,49.357,5.168982477441378e-8
2,92200.0,,49.256,4.961973075753604e-8
2,92205.0,,49.15,5.196965741104114e-8
2,92210.0,,49.051,4.843921143261158e-8
2,92215.0,,48.97,3.9561582529753344e-8
2,92220.0,,48.884,4.193436680710646e-8
2,92225.0,,48.822,3.0187665209496885e-8
2,92340.0,,48.763,2.872717273577872e-8
2,92345.0,,48.684,3.841288162232996e-8
2,92350.0,,48.601,4.0292926617175276e-8
2,92355.0,,48.538,3.0539542577586017e-8
2,92360.0,,48.518,9.687333384811607e-9
2,92385.0,,48.476,2.0335907645519995e-8
2,92451.0,,48.473,1.4529281531795626e-9
2,92491.0,,48.449,1.1625215746554894e-8
2,92626.0,,48.428,1.018218124775427e-8
2,92631.0,,48.348,3.875091347910204e-8
2,92636.0,,48.273,3.627275336513143e-8
2,92641.0,,48.198,3.621839622710798e-8
2,92646.0,,48.109,4.290841497540549e-8
2,92651.0,,48.02,4.2831420674446004e-8
2,92656.0,,47.908,5.379041534478076e-8
2,92661.0,,47.821,4.1699197315213936e-8
2,92666.0,,47.738,3.971348896175682e-8
2,92671.0,,47.651,4.1555578781646003e-8
2,92676.0,,47.557,4.481635319654074e-8
2,92681.0,,47.456,4.805770789040149e-8
2,92686.0,,47.356,4.748379105560428e-8
2,92691.0,,47.248,5.117275042289885e-8
2,92696.0,,47.157,4.30294029719163e-8
2,92701.0,,47.063,4.436324545452531e-8
2,92706.0,,46.968,4.474767142319727e-8
2,92711.0,,46.863,4.93554194199235e-8
2,92716.0,,46.759,4.877911067136673e-8
2,92721.0,,46.648,5.194556172661298e-8
2,92726.0,,46.56,4.109654617458829e-8
2,92731.0,,46.454,4.940228846477371e-8
2,92736.0,,46.348,4.929234711630424e-8
2,92741.0,,46.238,5.1036128089653186e-8
2,92746.0,,46.128,5.0917602617475364e-8
2,92751.0,,46.017,5.126031744181336e-8
2,92756.0,,45.92,4.469634512759721e-8
2,92761.0,,45.815,4.827893971501366e-8
2,92766.0,,45.698,5.366923717481506e-8
2,92771.0,,45.585,5.170690267291948e-8
2,92776.0,,45.483,4.656606631219864e-8
2,92781.0,,45.367,5.2833563938017214e-8
2,92786.0,,45.269,4.45325123108264e-8
2,92791.0,,45.168,4.579745174726109e-8
2,92796.0,,45.06,4.886099200934904e-8
2,92801.0,,44.948,5.054983332133928e-8
2,92806.0,,44.843,4.7278762391309005e-8
2,92811.0,,44.728,5.165741297439715e-8
2,92816.0,,44.622,4.7499737297166965e-8
2,92821.0,,44.51,5.006864689011656e-8
2,92826.0,,44.398,4.994550831765221e-8
2,92831.0,,44.302,4.271258137053155e-8
2,92836.0,,44.191,4.9273822475248823e-8
2,92841.0,,44.085,4.694142381697507e-8
2,92846.0,,43.974,4.903744835265483e-8
2,92851.0,,43.872,4.495486374542138e-8
2,92856.0,,43.768,4.57313073599592e-8
2,92861.0,,43.666,4.474884318393097e-8
2,92866.0,,43.569,4.246070266188044e-8
2,92871.0,,43.457,4.891196430388392e-8
2,92876.0,,43.351,4.617820592531219e-8
2,92881.0,,43.245,4.606791078207642e-8
2,92886.0,,43.144,4.379232661147442e-8
3,92889.0,,42.846,1.2861642623228942e-7
3,92905.0,,42.743,4.4254985427226564e-8
3,92910.0,,42.629,4.885968971055183e-8
3,92915.0,,42.526,4.403531899010914e-8
3,92920.0,,42.421,4.478313405993352e-8
3,92925.0,,42.309,4.764921347589779e-8
3,92930.0,,42.202,4.540679963073855e-8
3,92935.0,,42.109,3.9374443592628816e-8
3,92940.0,,42.028,3.4224936198454145e-8
3,92945.0,,41.927,4.258551552081437e-8
3,92950.0,,41.819,4.542606937968606e-8
3,92955.0,,41.711,4.531134247785794e-8
3,92960.0,,41.613,4.1016654875401727e-8
3,92965.0,,41.502,4.634360342383307e-8
3,92971.0,,41.39,4.6638661800720745e-8
3,92976.0,,41.281,4.5270832866561644e-8
3,92981.0,,41.172,4.515388368114902e-8
3,92986.0,,41.071,4.1735519243570544e-8
3,92991.0,,40.964,4.4105405128025586e-8
3,92996.0,,40.86,4.276084236178156e-8
3,93001.0,,40.755,4.306404690906235e-8
3,93006.0,,40.646,4.458976076344963e-8
3,93011.0,,40.553,3.795210601244438e-8
3,93016.0,,40.447,4.3153545290064885e-8
3,93021.0,,40.339,4.3853958588612436e-8
3,93026.0,,40.228,4.495235574555738e-8
3,93031.0,,40.12,4.362088305503472e-8
3,93036.0,,40.024,3.867775115296487e-8
3,93041.0,,39.924,4.019295258945228e-8
3,93046.0,,39.814,4.4098484925750324e-8
3,93051.0,,39.703,4.4378431417742095e-8
3,93056.0,,39.599,4.14695953524768e-8
3,93061.0,,39.498,4.017140653546341e-8
3,93066.0,,39.407,3.610812208676457e-8
3,93071.0,,39.301,4.1957254287121284e-8
3,93076.0,,39.196,4.145224025880908e-8
3,93081.0,,39.09,4.1736780626342345e-8
3,93086.0,,38.987,4.044945259362679e-8
3,93091.0,,38.891,3.7606390891427577e-8
3,93096.0,,38.798,3.634472931182708e-8
3,93101.0,,38.713,3.314397165687152e-8
3,93106.0,,38.615,3.81248777669322e-8
3,93111.0,,38.546,2.6786493549848044e-8
3,93116.0,,38.536,3.878334143584752e-9
3,93131.0,,38.503,1.2793423614199948e-8
3,93156.0,,38.49,5.038176339992775e-9
3,93161.0,,38.454,1.3943742037703946e-8
3,93186.0,,38.394,2.321680358506236e-8
3,93221.0,,38.384,3.867394629498762e-9
3,93256.0,,38.362,8.50791517124905e-9
3,93261.0,,38.349,5.025381098112019e-9
3,93281.0,,38.289,2.317696386348787e-8
3,93286.0,,38.277,4.631286136429401e-9
3,93311.0,,38.218,2.2755471666159072e-8
3,93316.0,,38.148,2.6953932415890056e-8
3,93321.0,,38.065,3.18973402484496e-8
3,93326.0,,38.033,1.2279871175834549e-8
3,93351.0,,37.953,3.0662706242239525e-8
3,93356.0,,37.871,3.1363947379968473e-8
3,93361.0,,37.792,3.015394098096325e-8
3,93366.0,,37.707,3.2375524701613655e-8
3,93371.0,,37.619,3.3443176867615385e-8
3,93376.0,,37.529,3.4124251924337706e-8
3,93381.0,,37.497,1.2114018398561762e-8
3,93401.0,,37.411,3.251218193796822e-8
3,93406.0,,37.3,4.185527888857121e-8
3,93411.0,,37.197,3.8729506898152806e-8
3,93416.0,,37.077,4.4989095731604625e-8
3,93421.0,,36.949,4.783069614365624e-8
3,93426.0,,36.822,4.729607315129165e-8
3,93431.0,,36.7,4.528309245537e-8
3,93436.0,,36.586,4.218014273861826e-8
3,93441.0,,36.463,4.53654059584777e-8
3,93446.0,,36.337,4.631595015240166e-8
3,93451.0,,36.205,4.835210065533765e-8
3,93456.0,,36.078,4.635696729304712e-8
3,93461.0,,35.952,4.583342593472822e-8
3,93466.0,,35.821,4.7484731808662026e-8
3,93471.0,,35.692,4.6592877656996655e-8
3,93476.0,,35.566,4.534947162068182e-8
3,93481.0,,35.443,4.411738833413452e-8
3,93486.0,,35.32,4.3966901801286376e-8
3,93491.0,,35.202,4.203822499552062e-8
3,93496.0,,35.078,4.402652483979187e-8
3,93501.0,,34.955,4.3520315511601825e-8
3,93506.0,,34.834,4.266578714199683e-8
3,93511.0,,34.717,4.11168541316919e-8
3,93516.0,,34.603,3.9931650852699635e-8
3,93521.0,,34.471,4.6075028968382086e-8
3,93526.0,,34.344,4.4165904914628204e-8
3,93531.0,,34.227,4.0546172147448484e-8
3,93536.0,,34.107,4.1444301126556096e-8
3,93541.0,,33.991,3.992659663292261e-8
3,93546.0,,33.885,3.636765225204888e-8
3,93551.0,,33.769,3.9670515135943626e-8
3,93557.0,,33.647,4.1578329473416494e-8
3,93562.0,,33.537,3.736164389544037e-8
3,93567.0,,33.417,4.0620794789872806e-8
3,93572.0,,33.293,4.182408759269317e-8
3,93577.0,,33.168,4.2006252638590825e-8
3,93582.0,,33.051,3.9176780179033705e-8
3,93587.0,,32.947,3.4709437659218645e-8
3,93592.0,,32.833,3.7923235757304094e-8
3,93597.0,,32.722,3.680091923039118e-8
3,93602.0,,32.61,3.7008121563029515e-8
3,93607.0,,32.498,3.688320409456276e-8
3,93612.0,,32.392,3.4792296910699384e-8
3,93617.0,,32.281,3.6313544629996865e-8
3,93622.0,,32.17,3.619082563011924e-8
3,93627.0,,32.067,3.3472759752157155e-8
3,93632.0,,31.961,3.433744992809532e-8
3,93637.0,,31.86,3.261372516675012e-8
3,93642.0,,31.756,3.3476366657653955e-8
3,93647.0,,31.648,3.4649918663700186e-8
3,93652.0,,31.541,3.421450444044472e-8
3,93657.0,,31.439,3.250955374259505e-8
3,93662.0,,31.326,3.589445315506114e-8
3,93667.0,,31.212,3.608306225980852e-8
3,93672.0,,31.1,3.5323802180880374e-8
3,93677.0,,30.991,3.4257531350928034e-8
3,93682.0,,30.88,3.476435735508847e-8
3,93687.0,,30.769,3.464146777819891e-8
3,93692.0,,30.663,3.296635773446483e-8
3,93697.0,,30.56,3.192606950143722e-8
3,93702.0,,30.454,3.2745540336611184e-8
3,93707.0,,30.352,3.1404116421884074e-8
3,93712.0,,30.252,3.068770662811813e-8
3,93717.0,,30.145,3.2725437417744414e-8
3,93722.0,,30.041,3.169847035213035e-8
3,93727.0,,29.936,3.189383123799139e-8
3,93732.0,,29.835,3.057508809220234e-8
3,93737.0,,29.737,2.956972217331531e-8
3,93742.0,,29.627,3.307638162780629e-8
3,93747.0,,29.532,2.8468838306316554e-8
3,93752.0,,29.424,3.225523752891848e-8
3,93757.0,,29.327,2.887078798023053e-8
3,93762.0,,29.245,2.4333170887810822e-8
3,93767.0,,29.158,2.574378309549641e-8
3,93772.0,,29.078,2.3606012932869162e-8
3,93777.0,,29.001,2.2660742090347992e-8
3,93782.0,,28.915,2.523971452309756e-8
3,93787.0,,28.807,3.159189720405772e-8
3,93792.0,,28.72,2.5364406997886033e-8
3,93797.0,,28.626,2.732045133286546e-8
3,93802.0,,28.539,2.5207483769094743e-8
3,93807.0,,28.468,2.0515859689868635e-8
3,93812.0,,28.379,2.5646251066547515e-8
3,93817.0,,28.303,2.183776744776917e-8
3,93822.0,,28.21,2.6644276695953982e-8
3,93827.0,,28.109,2.8838460778382814e-8
3,93832.0,,28.015,2.6748250411330183e-8
3,93837.0,,27.922,2.6376925427539597e-8
3,93842.0,,27.828,2.6572836653754398e-8
3,93847.0,,27.731,2.7328417648213793e-8
3,93852.0,,27.662,1.938275233991404e-8
3,93857.0,,27.589,2.0454911694009356e-8
3,93862.0,,27.501,2.458743279548501e-8
3,93867.0,,27.435,1.8390004918821034e-8
3,93887.0,,27.425,2.7831025093320453e-9
3,93907.0,,27.381,1.223620338194634e-8
3,93927.0,,27.374,1.945271446664997e-9
3,93932.0,,27.356,5.0001088654222275e-9
3,93952.0,,27.34,4.442725868460501e-9
3,93957.0,,27.302,1.0541617710852902e-8
3,93972.0,,27.3,5.545043453133842e-10
3,93977.0,,27.244,1.5510454549235976e-8
3,94008.0,,27.171,2.0177820040080794e-8
3,94013.0,,27.142,8.001246287882617e-9
3,94038.0,,27.079,1.7357189059203886e-8
3,94093.0,,27.074,1.376631739118837e-9
3,94098.0,,27.049,6.879711083495539e-9
3,94123.0,,27.038,3.025863113552053e-9
3,94143.0,,26.963,2.060245796449568e-8
3,94208.0,,26.919,1.2068466952103502e-8
3,94213.0,,26.865,1.4785146383041562e-8
3,94218.0,,26.831,9.29442806293775e-9
3,94223.0,,26.803,7.645802654480667e-9
3,94519.0,,26.797,1.642491367728591e-9
3,94524.0,,26.701,2.623123924259276e-8
3,94529.0,,26.59,3.021411303977018e-8
3,94534.0,,26.477,3.063084319873069e-8
3,94539.0,,26.371,2.861629230184957e-8
3,94544.0,,26.238,3.574485978598132e-8
3,94549.0,,26.133,2.809344788504535e-8
3,94554.0,,26.019,3.037551590012832e-8
3,94559.0,,25.905,3.0244318351019696e-8
3,94564.0,,25.794,2.9322358103254168e-8
3,94569.0,,25.679,3.024781829817516e-8
3,94574.0,,25.568,2.906906888257453e-8
3,94579.0,,25.454,2.9725213669261446e-8
3,94584.0,,25.344,2.855781086310301e-8
3,94589.0,,25.233,2.8693571985214806e-8
3,94594.0,,25.122,2.856913603532517e-8
3,94599.0,,25.022,2.5631466666460904e-8
3,94604.0,,24.915,2.7313896715760088e-8
3,94609.0,,24.811,2.6437309450618894e-8
3,94614.0,,24.702,2.7591104118893798e-8
3,94619.0,,24.601,2.5458980662890142e-8
3,94624.0,,24.495,2.660855042986222e-8
3,94629.0,,24.39,2.6245636328237035e-8
3,94634.0,,24.294,2.3898608870742344e-8
3,94639.0,,24.196,2.430056324886528e-8
3,94644.0,,24.091,2.5928688340816647e-8
3,94649.0,,24.001,2.2136008617891278e-8
3,94654.0,,23.903,2.401069678983211e-8
3,94659.0,,23.803,2.440073191661021e-8
3,94664.0,,23.702,2.454219967516188e-8
3,94669.0,,23.594,2.6129066548350158e-8
3,94674.0,,23.489,2.5290189889229215e-8
3,94679.0,,23.379,2.6374892983589185e-8
3,94684.0,,23.279,2.3871002211774873e-8
3,94689.0,,23.174,2.4955744647013584e-8
3,94694.0,,23.067,2.5316367696990796e-8
3,94699.0,,22.956,2.6140340112871465e-8
3,94704.0,,22.845,2.6015621127492995e-8
3,94709.0,,22.741,2.426185562364417e-8
3,94714.0,,22.635,2.4615813350745084e-8
3,94719.0,,22.53,2.4271485385628113e-8
3,94724.0,,22.434,2.209348054499625e-8
3,94729.0,,22.339,2.1771617245209502e-8
3,94734.0,,22.242,2.213580665560073e-8
3,94739.0,,22.14,2.3174147914957555e-8
3,94744.0,,22.039,2.2843198247132128e-8
3,94749.0,,21.926,2.5434786323595293e-8
3,94754.0,,21.81,2.5975417711026568e-8
3,94759.0,,21.702,2.406141743933777e-8
3,94764.0,,21.621,1.7968625742731074e-8
3,94769.0,,21.526,2.0989807008951533e-8
3,94774.0,,21.416,2.4189790157355805e-8
3,94779.0,,21.318,2.1447648379876795e-8
3,94784.0,,21.208,2.3957979556917143e-8
3,94789.0,,21.093,2.4915772323053628e-8
3,94794.0,,20.982,2.3921912107834563e-8
3,94799.0,,20.872,2.358312477353551e-8
3,94804.0,,20.785,1.8565294465612382e-8
3,94809.0,,20.671,2.4210834018022698e-8
3,94814.0,,20.569,2.1550593485770816e-8
3,94819.0,,20.466,2.1654839575220405e-8
3,94824.0,,20.359,2.2381860262848776e-8
3,94829.0,,20.262,2.0189773794414388e-8
3,94834.0,,20.168,1.947437826888518e-8
3,94839.0,,20.165,6.200642384948179e-10
3,94850.0,,20.129,7.434438198550222e-9
3,94855.0,,20.057,1.4829805059911504e-8
3,94860.0,,20.056,2.0560619752442612e-10
3,94905.0,,20.04,3.2898648937962095e-9
3,94910.0,,20.025,3.0820261341605633e-9
3,94935.0,,19.985,8.209615833632616e-9
3,94940.0,,19.921,1.3101931878969638e-8
3,95015.0,,19.89,6.336141838383327e-9
3,95045.0,,19.85,8.163662963942088e-9
3,95050.0,,19.775,1.5263375806142772e-8
3,95120.0,,19.755,4.0634656149388505e-9
3,95140.0,,19.729,5.2774676006774204e-9
3,95145.0,,19.713,3.2443882460973015e-9
3,95697.0,,19.705,1.6306127467876907e-9
3,95702.0,,19.62,1.7285287537351542e-8
3,95707.0,,19.534,1.741350634150016e-8
3,95712.0,,19.444,1.8142468994595472e-8
3,95717.0,,19.351,1.8660175352849328e-8
3,95747.0,,19.342,1.8016400418528519e-9
3,95752.0,,19.246,1.9166344692565284e-8
3,95757.0,,19.152,1.8675615623890304e-8
3,95762.0,,19.058,1.8585148542256978e-8
3,95767.0,,18.955,2.0260641439432087e-8
3,95772.0,,18.863,1.8004989780134495e-8
3,95777.0,,18.788,1.46139274143185e-8
3,95782.0,,18.672,2.248938612205118e-8
3,95787.0,,18.57,1.9661093866000943e-8
3,95792.0,,18.466,1.9936760559016584e-8
3,95797.0,,18.369,1.84949113832373e-8
3,95802.0,,18.284,1.6127645390411445e-8
3,95807.0,,18.19,1.7749103675006656e-8
3,95812.0,,18.093,1.822060387142338e-8
3,95817.0,,17.987,1.980080745779406e-8
3,95822.0,,17.895,1.709218708952468e-8
3,95827.0,,17.791,1.9217064158509103e-8
3,95832.0,,17.701,1.6540608089970026e-8
3,95837.0,,17.604,1.7734097753960073e-8
3,95842.0,,17.502,1.854408142655033e-8
3,95847.0,,17.409,1.6814799732028456e-8
3,95852.0,,17.314,1.7084802478570638e-8
3,95857.0,,17.22,1.6813824448423482e-8
3,95862.0,,17.114,1.885144698791323e-8
3,95867.0,,17.014,1.767860175699864e-8
3,95872.0,,16.911,1.810159341551492e-8
3,95878.0,,16.797,1.9907867437995515e-8
3,95883.0,,16.691,1.8390969645405088e-8
3,95888.0,,16.62,1.2254009622107365e-8
3,95893.0,,16.546,1.2716853240056162e-8
3,95898.0,,16.469,1.3172842950654346e-8
3,95903.0,,16.394,1.2772284991443263e-8
3,95908.0,,16.316,1.3222023323180732e-8
3,95913.0,,16.225,1.5346795281949792e-8
3,95918.0,,16.134,1.5261757073698934e-8
3,95923.0,,16.031,1.717162797302733e-8
3,95928.0,,15.945,1.425397241366298e-8
3,95933.0,,15.862,1.3684746744917017e-8
3,95938.0,,15.757,1.7210600659347197e-8
3,95943.0,,15.655,1.6610281480400018e-8
3,95948.0,,15.551,1.6825783923184837e-8
3,95953.0,,15.459,1.4791631836496533e-8
3,95958.0,,15.379,1.2791613132613667e-8
3,95963.0,,15.315,1.0186036233269256e-8
3,95968.0,,15.229,1.3621305826707515e-8
3,95973.0,,15.144,1.3388244158118058e-8
3,95978.0,,15.056,1.3782539582210596e-8
3,95983.0,,14.97,1.3392393113841272e-8
3,95988.0,,14.884,1.3316370195333163e-8
3,95993.0,,14.795,1.3700826683598353e-8
3,95998.0,,14.699,1.46870654959481e-8
3,96003.0,,14.599,1.5198149655834224e-8
3,96008.0,,14.5,1.4944748792379822e-8
3,96013.0,,14.406,1.409658223415877e-8
3,96018.0,,14.302,1.5490194465320995e-8
3,96023.0,,14.198,1.5378763104661514e-8
3,96028.0,,14.099,1.4535882732888988e-8
3,96033.0,,14.014,1.2399796332746298e-8
3,96038.0,,13.905,1.579200967496838e-8
3,96043.0,,13.81,1.3663820336988774e-8
3,96073.0,,13.728,1.1722373039766606e-8
3,96093.0,,13.674,7.683086300859333e-9
3,96098.0,,13.618,7.936073406823798e-9
3,96113.0,,13.598,2.826860403574204e-9
3,96133.0,,13.569,4.092419200498547e-9
3,96138.0,,13.497,1.0123241429400355e-8
3,96163.0,,13.419,1.0908902579811152e-8
3,96168.0,,13.319,1.389400467225284e-8
3,96173.0,,13.221,1.351599726595456e-8
3,96178.0,,13.119,1.3962385403133931e-8
3,96183.0,,13.017,1.3854968717456997e-8
3,96188.0,,12.911,1.4284456323716405e-8
3,96193.0,,12.801,1.4700765551133619e-8
3,96198.0,,12.693,1.4311848074796014e-8
3,96203.0,,12.585,1.4191327343477683e-8
3,96208.0,,12.476,1.4200512498876212e-8
3,96213.0,,12.358,1.52345762245273e-8
3,96218.0,,12.255,1.3180322573228258e-8
3,96223.0,,12.147,1.3702380044342532e-8
3,96228.0,,12.035,1.4082495998759915e-8
3,96233.0,,11.917,1.4696562050740306e-8
3,96238.0,,11.8,1.4429794354678878e-8
3,96243.0,,11.687,1.3802033612829326e-8
3,96248.0,,11.572,1.3910685446912712e-8
3,96253.0,,11.45,1.4607809350555485e-8
3,96258.0,,11.33,1.4218040178545047e-8
3,96263.0,,11.211,1.3952353466194288e-8
3,96268.0,,11.08,1.518975378455948e-8
3,96273.0,,10.982,1.1247173603893356e-8
3,96278.0,,10.859,1.3975669693246535e-8
3,96283.0,,10.751,1.2142163413982791e-8
3,96288.0,,10.633,1.3128377513673957e-8
3,96293.0,,10.527,1.1670358128059155e-8
3,96298.0,,10.418,1.1879333299424642e-8
3,96303.0,,10.317,1.08976578228148e-8
3,96308.0,,10.201,1.2385778705473017e-8
3,96313.0,,10.096,1.109108411345944e-8
3,96318.0,,9.984,1.1704614776051804e-8
3,96323.0,,9.883,1.0443633036071341e-8
3,96328.0,,9.78,1.0541623104536857e-8
3,96333.0,,9.675,1.0633189579083607e-8
3,96338.0,,9.568,1.0718206525024278e-8
3,96343.0,,9.458,1.0895026241826294e-8
3,96348.0,,9.35,1.057491811194072e-8
3,96353.0,,9.239,1.0742668759830661e-8
3,96358.0,,9.124,1.09950495097471e-8
3,96363.0,,9.017,1.0107022921075205e-8
3,96368.0,,8.918,9.2456480840796e-9
3,96373.0,,8.817,9.32772819401739e-9
3,96378.0,,8.713,9.494259605085168e-9
3,96383.0,,8.608,9.471758975899284e-9
3,96388.0,,8.492,1.0331062908605594e-8
3,96394.0,,8.392,8.794138138674095e-9
3,96399.0,,8.276,1.007121685228885e-8
3,96404.0,,8.167,9.33620859197262e-9
3,96409.0,,8.083,7.110795141940511e-9
3,96414.0,,7.977,8.868689391083147e-9
3,96419.0,,7.871,8.75207212953971e-9
3,96424.0,,7.774,7.90679324904067e-9
3,96429.0,,7.676,7.889149025810938e-9
3,96434.0,,7.585,7.236398975236618e-9
3,96439.0,,7.482,8.086947968821738e-9
3,96444.0,,7.38,7.899881568537583e-9
3,96449.0,,7.285,7.260580405190144e-9
3,96454.0,,7.188,7.316754387156289e-9
3,96459.0,,7.107,6.035036086335573e-9
3,96464.0,,7.013,6.918242075883964e-9
3,96469.0,,6.903,7.979263725994671e-9
3,96474.0,,6.789,8.13673112001449e-9
3,96479.0,,6.692,6.817020089131957e-9
3,96484.0,,6.576,8.0239218387486e-9
3,96489.0,,6.47,7.209895703760687e-9
3,96494.0,,6.368,6.8275641655040224e-9
3,96499.0,,6.264,6.850088882173789e-9
3,96504.0,,6.158,6.866108191674899e-9
3,96509.0,,6.048,7.001672675530434e-9
3,96514.0,,5.941,6.689982636714882e-9
3,96519.0,,5.828,6.9358350727857334e-9
3,96524.0,,5.712,6.981794254578006e-9
3,96529.0,,5.598,6.725014124975248e-9
3,96534.0,,5.486,6.475343019654861e-9
3,96539.0,,5.368,6.681016708798916e-9
3,96544.0,,5.25,6.536088955854308e-9
3,96549.0,,5.129,6.5517391734808536e-9
3,96554.0,,5.018,5.876230823352349e-9
3,96559.0,,4.905,5.850353812142658e-9
3,96564.0,,4.8,5.3170166911866835e-9
3,96569.0,,4.686,5.642786820535018e-9
3,96574.0,,4.574,5.411992258111635e-9
3,96579.0,,4.437,6.4423482668411765e-9
3,96584.0,,4.336,4.62426408716642e-9
3,96589.0,,4.258,3.4985296531866945e-9
3,96594.0,,4.151,4.696196044590988e-9
3,96599.0,,4.038,4.83003060554671e-9
3,96604.0,,3.927,4.615001065817447e-9
3,96609.0,,3.788,5.598043319905279e-9
3,96614.0,,3.683,4.095208670537754e-9
3,96619.0,,3.577,4.017657969462041e-9
3,96624.0,,3.474,3.791760421945677e-9
3,96629.0,,3.373,3.6107475417439382e-9
3,96634.0,,3.268,3.6409999551694265e-9
3,96639.0,,3.166,3.426901275232635e-9
3,96644.0,,3.058,3.5102348499489184e-9
3,96649.0,,2.954,3.26525883755491e-9
3,96654.0,,2.852,3.0928935482748474e-9
3,96659.0,,2.748,3.0418066257983542e-9
3,96664.0,,2.641,3.011789821536119e-9
3,96669.0,,2.548,2.5207036065220765e-9
3,96674.0,,2.438,2.864986535188263e-9
3,96679.0,,2.332,2.6413401406474364e-9
3,96684.0,,2.228,2.4775403093193925e-9
3,96689.0,,2.127,2.2980238897371345e-9
3,96694.0,,2.024,2.2338675626120426e-9
3,96699.0,,1.925,2.0427360282479113e-9
3,96704.0,,1.841,1.6529966657168586e-9
3,96709.0,,1.734,1.9989165046548436e-9
3,96714.0,,1.625,1.9133471989981724e-9
3,96719.0,,1.515,1.8051033338932828e-9
3,96724.0,,1.405,1.6787179045537628e-9
3,96729.0,,1.296,1.5387771108716568e-9
3,96734.0,,1.185,1.4394508052184712e-9
3,96739.0,,1.078,1.265720642027678e-9
4,96743.0,,0.0,6.074702445273046e-9
