fixIdx,time,lat,lng,alt,tickLead,tickRace,zoneIdx,legIdx,togo,area
1,,,,0.0,-1958.58613294832,-6303.59250847964,1,0,104.915,0.0
2,,,,0.0,-1954.58613294832,-6299.59250847964,2,0,104.911,0.0
3,,,,0.0,-1941.58613294832,-6286.59250847964,3,0,104.902,0.0
4,,,,0.0,-1925.58613294832,-6270.59250847964,4,0,104.893,0.0
5,,,,0.0,-1454.58613294832,-5799.59250847964,5,0,104.89,0.0
6,,,,0.0,-1430.58613294832,-5775.59250847964,6,0,104.865,0.0
7,,,,0.0,-1396.58613294832,-5741.59250847964,7,0,104.832,0.0
8,,,,0.0,-1361.58613294832,-5706.59250847964,8,0,104.804,0.0
9,,,,0.0,-1340.58613294832,-5685.59250847964,9,0,104.784,0.0
10,,,,0.0,-1322.58613294832,-5667.59250847964,10,0,104.753,0.0
11,,,,0.0,-1296.58613294832,-5641.59250847964,11,0,104.736,0.0
12,,,,0.0,-1001.58613294832,-5346.59250847964,12,0,104.735,0.0
13,,,,0.0,-941.58613294832,-5286.59250847964,13,0,104.732,0.0
14,,,,0.0,-923.58613294832,-5268.59250847964,14,0,104.724,0.0
29,,,,0.0,-617.58613294832,-4962.59250847964,29,0,104.666,0.0
30,,,,0.0,-610.58613294832,-4955.59250847964,30,0,104.546,0.0
31,,,,0.0,-603.58613294832,-4948.59250847964,31,0,104.463,0.0
32,,,,0.0,-598.58613294832,-4943.59250847964,32,0,104.41,0.0
33,,,,0.0,-594.58613294832,-4939.59250847964,33,0,104.376,0.0
34,,,,0.0,-590.58613294832,-4935.59250847964,34,0,104.348,0.0
35,,,,0.0,-587.58613294832,-4932.59250847964,35,0,104.33,0.0
36,,,,0.0,-582.58613294832,-4927.59250847964,36,0,104.328,0.0
50,,,,0.0,-511.58613294832,-4856.59250847964,50,0,104.318,0.0
51,,,,0.0,-507.58613294832,-4852.59250847964,51,0,104.293,0.0
65,,,,0.0,-450.58613294832,-4795.59250847964,65,0,104.26,0.0
70,,,,0.0,-437.58613294832,-4782.59250847964,70,0,104.244,0.0
71,,,,0.0,-432.58613294832,-4777.59250847964,71,0,104.181,0.0
72,,,,0.0,-428.58613294832,-4773.59250847964,72,0,104.168,0.0
76,,,,0.0,-411.58613294832,-4756.59250847964,76,0,104.147,0.0
77,,,,0.0,-407.58613294832,-4752.59250847964,77,0,104.111,0.0
310,,,,0.0,623.41386705168,-3721.59250847964,310,0,104.104,0.0
311,,,,0.0,624.41386705168,-3720.59250847964,311,0,104.092,0.0
312,,,,0.0,630.41386705168,-3714.59250847964,312,0,104.049,0.0
315,,,,0.0,642.41386705168,-3702.59250847964,315,0,104.028,0.0
326,,,,0.0,687.41386705168,-3657.59250847964,326,0,103.996,0.0
327,,,,0.0,690.41386705168,-3654.59250847964,327,0,103.967,0.0
328,,,,0.0,695.41386705168,-3649.59250847964,328,0,103.915,0.0
329,,,,0.0,703.41386705168,-3641.59250847964,329,0,103.792,0.0
330,,,,0.0,710.41386705168,-3634.59250847964,330,0,103.681,0.0
331,,,,0.0,719.41386705168,-3625.59250847964,331,0,103.545,0.0
332,,,,0.0,728.41386705168,-3616.59250847964,332,0,103.391,0.0
333,,,,0.0,737.41386705168,-3607.59250847964,333,0,103.219,0.0
334,,,,0.0,744.41386705168,-3600.59250847964,334,0,103.073,0.0
335,,,,0.0,754.41386705168,-3590.59250847964,335,0,102.898,0.0
336,,,,0.0,760.41386705168,-3584.59250847964,336,0,102.769,0.0
337,,,,0.0,762.41386705168,-3582.59250847964,337,0,102.733,0.0
338,,,,0.0,771.41386705168,-3573.59250847964,338,0,102.559,0.0
339,,,,0.0,779.41386705168,-3565.59250847964,339,0,102.394,0.0
340,,,,0.0,789.41386705168,-3555.59250847964,340,0,102.191,0.0
341,,,,0.0,796.41386705168,-3548.59250847964,341,0,102.034,0.0
342,,,,0.0,803.41386705168,-3541.59250847964,342,0,101.896,0.0
343,,,,0.0,810.41386705168,-3534.59250847964,343,0,101.759,0.0
344,,,,0.0,818.41386705168,-3526.59250847964,344,0,101.59,0.0
345,,,,0.0,828.41386705168,-3516.59250847964,345,0,101.379,0.0
346,,,,0.0,838.41386705168,-3506.59250847964,346,0,101.166,0.0
347,,,,0.0,847.41386705168,-3497.59250847964,347,0,100.99,0.0
348,,,,0.0,853.41386705168,-3491.59250847964,348,0,100.901,0.0
352,,,,0.0,874.41386705168,-3470.59250847964,352,0,100.868,0.0
353,,,,0.0,879.41386705168,-3465.59250847964,353,0,100.836,0.0
357,,,,0.0,895.41386705168,-3449.59250847964,357,0,100.799,0.0
358,,,,0.0,897.41386705168,-3447.59250847964,358,0,100.775,0.0
359,,,,0.0,901.41386705168,-3443.59250847964,359,0,100.727,0.0
360,,,,0.0,906.41386705168,-3438.59250847964,360,0,100.674,0.0
366,,,,0.0,929.41386705168,-3415.59250847964,366,0,100.672,0.0
370,,,,0.0,948.41386705168,-3396.59250847964,370,0,100.639,0.0
375,,,,0.0,967.41386705168,-3377.59250847964,375,0,100.626,0.0
380,,,,0.0,986.41386705168,-3358.59250847964,380,0,100.593,0.0
381,,,,0.0,990.41386705168,-3354.59250847964,381,0,100.573,0.0
396,,,,0.0,1049.41386705168,-3295.59250847964,396,0,100.571,0.0
397,,,,0.0,1056.41386705168,-3288.59250847964,397,0,100.474,0.0
398,,,,0.0,1061.41386705168,-3283.59250847964,398,0,100.446,0.0
402,,,,0.0,1076.41386705168,-3268.59250847964,402,0,100.425,0.0
403,,,,0.0,1082.41386705168,-3262.59250847964,403,0,100.401,0.0
431,,,,0.0,1204.41386705168,-3140.59250847964,431,0,100.399,0.0
456,,,,0.0,1326.41386705168,-3018.59250847964,456,0,100.378,0.0
457,,,,0.0,1337.41386705168,-3007.59250847964,457,0,100.315,0.0
458,,,,0.0,1344.41386705168,-3000.59250847964,458,0,100.256,0.0
459,,,,0.0,1351.41386705168,-2993.59250847964,459,0,100.202,0.0
460,,,,0.0,1359.41386705168,-2985.59250847964,460,0,100.134,0.0
461,,,,0.0,1368.41386705168,-2976.59250847964,461,0,100.044,0.0
462,,,,0.0,1378.41386705168,-2966.59250847964,462,0,99.951,0.0
463,,,,0.0,1386.41386705168,-2958.59250847964,463,0,99.836,0.0
464,,,,0.0,1394.41386705168,-2950.59250847964,464,0,99.754,0.0
465,,,,0.0,1396.41386705168,-2948.59250847964,465,0,99.74,0.0
466,,,,0.0,1402.41386705168,-2942.59250847964,466,0,99.684,0.0
467,,,,0.0,1403.41386705168,-2941.59250847964,467,0,99.672,0.0
468,,,,0.0,1406.41386705168,-2938.59250847964,468,0,99.632,0.0
469,,,,0.0,1412.41386705168,-2932.59250847964,469,0,99.574,0.0
474,,,,0.0,1435.41386705168,-2909.59250847964,474,0,99.572,0.0
590,,,,0.0,1944.41386705168,-2400.59250847964,4,1,99.502,27095.75723186409
591,,,,0.0,1954.41386705168,-2390.59250847964,5,1,99.318,71498.08796868658
592,,,,0.0,1962.41386705168,-2382.59250847964,6,1,99.164,59983.589690661924
593,,,,0.0,1974.41386705168,-2370.59250847964,7,1,98.93,91521.97249565602
594,,,,0.0,1984.41386705168,-2360.59250847964,8,1,98.724,80798.83172651715
595,,,,0.0,1995.41386705168,-2349.59250847964,9,1,98.541,72033.43291656552
596,,,,0.0,2001.41386705168,-2343.59250847964,10,1,98.428,44546.463141660985
597,,,,0.0,2009.41386705168,-2335.59250847964,11,1,98.292,53759.697845989576
598,,,,0.0,2016.41386705168,-2328.59250847964,12,1,98.175,46350.57763651272
599,,,,0.0,2025.41386705168,-2319.59250847964,13,1,98.004,67945.76706115762
600,,,,0.0,2033.41386705168,-2311.59250847964,14,1,97.85,61330.84488570533
601,,,,0.0,2042.41386705168,-2302.59250847964,15,1,97.682,67092.0210663915
602,,,,0.0,2044.41386705168,-2300.59250847964,16,1,97.652,11980.30614920064
603,,,,0.0,2054.41386705168,-2290.59250847964,17,1,97.518,53728.63389395197
604,,,,0.0,2061.41386705168,-2283.59250847964,18,1,97.401,47011.62135756781
605,,,,0.0,2069.41386705168,-2275.59250847964,19,1,97.245,62837.2885243147
606,,,,0.0,2070.41386705168,-2274.59250847964,20,1,97.223,8857.843365753977
607,,,,0.0,2080.41386705168,-2264.59250847964,21,1,97.041,73555.21254334568
608,,,,0.0,2090.41386705168,-2254.59250847964,22,1,96.85,77414.67510343582
609,,,,0.0,2098.41386705168,-2246.59250847964,23,1,96.69,64980.323172667755
610,,,,0.0,2108.41386705168,-2236.59250847964,24,1,96.517,70473.33501598227
611,,,,0.0,2118.41386705168,-2226.59250847964,25,1,96.382,55166.38873295055
612,,,,0.0,2128.41386705168,-2216.59250847964,26,1,96.247,55349.22169750234
613,,,,0.0,2133.41386705168,-2211.59250847964,27,1,96.203,18065.321943418956
614,,,,0.0,2136.41386705168,-2208.59250847964,28,1,96.177,10686.085793326916
615,,,,0.0,2145.41386705168,-2199.59250847964,29,1,96.052,51551.34528118468
616,,,,0.0,2153.41386705168,-2191.59250847964,30,1,95.911,58285.98584868088
617,,,,0.0,2162.41386705168,-2182.59250847964,31,1,95.772,57615.21884164959
618,,,,0.0,2170.41386705168,-2174.59250847964,32,1,95.653,49441.10546554368
619,,,,0.0,2180.41386705168,-2164.59250847964,33,1,95.462,79591.57107450317
620,,,,0.0,2188.41386705168,-2156.59250847964,34,1,95.311,63041.03207751501
621,,,,0.0,2196.41386705168,-2148.59250847964,35,1,95.177,56064.32495073016
622,,,,0.0,2202.41386705168,-2142.59250847964,36,1,95.124,22213.442749636306
623,,,,0.0,2208.41386705168,-2136.59250847964,37,1,95.071,22261.55159852525
624,,,,0.0,2215.41386705168,-2129.59250847964,38,1,94.99,34106.16577384375
625,,,,0.0,2222.41386705168,-2122.59250847964,39,1,94.865,52742.04809113708
626,,,,0.0,2229.41386705168,-2115.59250847964,40,1,94.738,53683.35179419219
627,,,,0.0,2238.41386705168,-2106.59250847964,41,1,94.558,76270.10244793154
628,,,,0.0,2248.41386705168,-2096.59250847964,42,1,94.351,87922.34234865256
629,,,,0.0,2255.41386705168,-2089.59250847964,43,1,94.233,50189.52630707861
630,,,,0.0,2262.41386705168,-2082.59250847964,44,1,94.094,59224.23267129786
631,,,,0.0,2268.41386705168,-2076.59250847964,45,1,93.97,52899.266201155646
632,,,,0.0,2275.41386705168,-2069.59250847964,46,1,93.831,59398.17495081619
633,,,,0.0,2282.41386705168,-2062.59250847964,47,1,93.696,57781.92040829324
634,,,,0.0,2290.41386705168,-2054.59250847964,48,1,93.526,72898.69705291616
635,,,,0.0,2298.41386705168,-2046.59250847964,49,1,93.358,72162.1785578511
636,,,,0.0,2307.41386705168,-2037.59250847964,50,1,93.193,71024.31011154175
637,,,,0.0,2312.41386705168,-2032.59250847964,51,1,93.115,33604.053813929095
638,,,,0.0,2318.41386705168,-2026.59250847964,52,1,93.05,28054.488641377957
639,,,,0.0,2326.41386705168,-2018.59250847964,53,1,92.939,48028.30014781913
640,,,,0.0,2334.41386705168,-2010.59250847964,54,1,92.805,58102.85148909472
641,,,,0.0,2344.41386705168,-2000.59250847964,55,1,92.65,67391.40742568125
642,,,,0.0,2345.41386705168,-1999.59250847964,56,1,92.639,4780.373290137824
643,,,,0.0,2353.41386705168,-1991.59250847964,57,1,92.541,42708.9076302613
644,,,,0.0,2363.41386705168,-1981.59250847964,58,1,92.432,47651.28510208406
645,,,,0.0,2371.41386705168,-1973.59250847964,59,1,92.341,39873.76615556693
646,,,,0.0,2374.41386705168,-1970.59250847964,60,1,92.306,15344.993905830708
647,,,,0.0,2380.41386705168,-1964.59250847964,61,1,92.246,26358.608399528297
654,,,,0.0,2407.41386705168,-1937.59250847964,68,1,92.209,16430.202419336067
655,,,,0.0,2415.41386705168,-1929.59250847964,69,1,92.102,47635.04594176705
656,,,,0.0,2422.41386705168,-1922.59250847964,70,1,91.997,46826.21690358823
657,,,,0.0,2426.41386705168,-1918.59250847964,71,1,91.94,25439.515385442402
658,,,,0.0,2435.41386705168,-1909.59250847964,72,1,91.829,49678.44637370032
659,,,,0.0,2438.41386705168,-1906.59250847964,73,1,91.793,16118.871519441736
660,,,,0.0,2442.41386705168,-1902.59250847964,74,1,91.753,17931.81182567751
661,,,,0.0,2448.41386705168,-1896.59250847964,75,1,91.703,22458.810719690373
673,,,,0.0,2496.41386705168,-1848.59250847964,87,1,91.701,915.7045777498649
674,,,,0.0,2498.41386705168,-1846.59250847964,88,1,91.7,458.21160162682145
675,,,,0.0,2502.41386705168,-1842.59250847964,89,1,91.682,8260.157875818395
676,,,,0.0,2507.41386705168,-1837.59250847964,90,1,91.627,25279.73407054884
677,,,,0.0,2511.41386705168,-1833.59250847964,91,1,91.613,6442.680677977762
679,,,,0.0,2518.41386705168,-1826.59250847964,93,1,91.579,15686.011286522446
680,,,,0.0,2521.41386705168,-1823.59250847964,94,1,91.551,12928.902601244992
753,,,,0.0,2838.41386705168,-1506.59250847964,167,1,91.496,28575.972871725033
754,,,,0.0,2846.41386705168,-1498.59250847964,168,1,91.374,63503.8918718643
755,,,,0.0,2855.41386705168,-1489.59250847964,169,1,91.237,71435.90748963611
756,,,,0.0,2862.41386705168,-1482.59250847964,170,1,91.134,53768.19177284953
757,,,,0.0,2872.41386705168,-1472.59250847964,171,1,91.006,66967.22710333356
758,,,,0.0,2881.41386705168,-1463.59250847964,172,1,90.873,69701.13347248817
759,,,,0.0,2888.41386705168,-1456.59250847964,173,1,90.748,65574.57686847415
760,,,,0.0,2895.41386705168,-1449.59250847964,174,1,90.655,48847.01884040601
761,,,,0.0,2902.41386705168,-1442.59250847964,175,1,90.518,72039.94677234374
762,,,,0.0,2909.41386705168,-1435.59250847964,176,1,90.415,54220.124858345014
763,,,,0.0,2917.41386705168,-1427.59250847964,177,1,90.279,71693.64865585815
764,,,,0.0,2922.41386705168,-1422.59250847964,178,1,90.213,34813.17336366618
765,,,,0.0,2929.41386705168,-1415.59250847964,179,1,90.115,51769.0236941336
766,,,,0.0,2938.41386705168,-1406.59250847964,180,1,89.961,81487.22359057062
767,,,,0.0,2945.41386705168,-1399.59250847964,181,1,89.84,64080.19140387826
768,,,,0.0,2950.41386705168,-1394.59250847964,182,1,89.768,38154.09123600755
769,,,,0.0,2951.41386705168,-1393.59250847964,183,1,89.754,7417.812083369695
770,,,,0.0,2954.41386705168,-1390.59250847964,184,1,89.711,22799.197039971856
771,,,,0.0,2962.41386705168,-1382.59250847964,185,1,89.607,55246.26950044478
772,,,,0.0,2966.41386705168,-1378.59250847964,186,1,89.603,2126.4441164599248
852,,,,0.0,3317.41386705168,-1027.59250847964,266,1,89.553,29716.72993827385
853,,,,0.0,3327.41386705168,-1017.59250847964,267,1,89.464,53014.06469318035
854,,,,0.0,3337.41386705168,-1007.59250847964,268,1,89.36,62068.20852561109
855,,,,0.0,3341.41386705168,-1003.59250847964,269,1,89.307,31641.020743378063
856,,,,0.0,3353.41386705168,-991.59250847964,270,1,89.13,105912.04050453682
857,,,,0.0,3362.41386705168,-982.59250847964,271,1,89.025,62898.23846087603
858,,,,0.0,3371.41386705168,-973.59250847964,272,1,88.916,65390.49028596301
859,,,,0.0,3378.41386705168,-966.59250847964,273,1,88.811,63045.71294169072
860,,,,0.0,3388.41386705168,-956.59250847964,274,1,88.639,103419.13500183792
861,,,,0.0,3396.41386705168,-948.59250847964,275,1,88.495,86633.33384538659
862,,,,0.0,3407.41386705168,-937.59250847964,276,1,88.294,121081.05131858667
863,,,,0.0,3417.41386705168,-927.59250847964,277,1,88.112,109719.1205348649
864,,,,0.0,3425.41386705168,-919.59250847964,278,1,87.986,76004.27492616272
865,,,,0.0,3434.41386705168,-910.59250847964,279,1,87.862,74887.91640197537
866,,,,0.0,3444.41386705168,-900.59250847964,280,1,87.729,80439.47401881703
867,,,,0.0,3455.41386705168,-889.59250847964,281,1,87.571,95705.98004127796
868,,,,0.0,3463.41386705168,-881.59250847964,282,1,87.441,78798.06840105557
869,,,,0.0,3473.41386705168,-871.59250847964,283,1,87.251,115287.74689996713
870,,,,0.0,3479.41386705168,-865.59250847964,284,1,87.162,54010.09596067271
871,,,,0.0,3483.41386705168,-861.59250847964,285,1,87.105,34601.51280906254
872,,,,0.0,3492.41386705168,-852.59250847964,286,1,86.99,69921.35610120719
873,,,,0.0,3500.41386705168,-844.59250847964,287,1,86.869,73637.99299591732
874,,,,0.0,3504.41386705168,-840.59250847964,288,1,86.828,24956.953194074365
875,,,,0.0,3513.41386705168,-831.59250847964,289,1,86.714,69508.63510201326
876,,,,0.0,3520.41386705168,-824.59250847964,290,1,86.612,62238.2838999035
877,,,,0.0,3529.41386705168,-815.59250847964,291,1,86.46,92848.0929533526
878,,,,0.0,3540.41386705168,-804.59250847964,292,1,86.256,124743.16877818241
879,,,,0.0,3548.41386705168,-796.59250847964,293,1,86.116,85630.60731280086
880,,,,0.0,3559.41386705168,-785.59250847964,294,1,85.915,123078.23491951225
881,,,,0.0,3566.41386705168,-778.59250847964,295,1,85.795,73486.67101337606
882,,,,0.0,3568.41386705168,-776.59250847964,296,1,85.762,20202.15046706367
883,,,,0.0,3574.41386705168,-770.59250847964,297,1,85.695,41061.50465301081
884,,,,0.0,3579.41386705168,-765.59250847964,298,1,85.69,3067.289228020471
892,,,,0.0,3616.41386705168,-728.59250847964,306,1,85.629,37793.1848446506
893,,,,0.0,3623.41386705168,-721.59250847964,307,1,85.525,64496.82480814129
894,,,,0.0,3631.41386705168,-713.59250847964,308,1,85.406,73865.82324137214
895,,,,0.0,3637.41386705168,-707.59250847964,309,1,85.304,63336.177966930416
896,,,,0.0,3641.41386705168,-703.59250847964,310,1,85.249,34157.973259703824
897,,,,0.0,3646.41386705168,-698.59250847964,311,1,85.212,22998.14010508035
921,,,,0.0,3746.41386705168,-598.59250847964,335,1,85.194,11491.40522571899
922,,,,0.0,3748.41386705168,-596.59250847964,336,1,85.172,14049.25009123434
923,,,,0.0,3750.41386705168,-594.59250847964,337,1,85.154,11498.273861750435
924,,,,0.0,3756.41386705168,-588.59250847964,338,1,85.089,41567.70578794969
925,,,,0.0,3761.41386705168,-583.59250847964,339,1,85.075,8960.801209819057
929,,,,0.0,3778.41386705168,-566.59250847964,343,1,85.068,4500.094694075634
930,,,,0.0,3783.41386705168,-561.59250847964,344,1,85.029,25098.346593212646
990,,,,0.0,4050.41386705168,-294.59250847964,404,1,84.956,50261.20088692231
991,,,,0.0,4057.41386705168,-287.59250847964,405,1,84.881,51682.42492038617
992,,,,0.0,4058.41386705168,-286.59250847964,406,1,84.87,7578.117935801811
993,,,,0.0,4063.41386705168,-281.59250847964,407,1,84.869,689.7198063827784
1000,,,,0.0,4095.41386705168,-249.59250847964,414,1,84.79,54891.081880335056
1001,,,,0.0,4102.41386705168,-242.59250847964,415,1,84.683,74391.57722612043
1002,,,,0.0,4109.41386705168,-235.59250847964,416,1,84.573,76509.72488299641
1003,,,,0.0,4114.41386705168,-230.59250847964,417,1,84.508,45218.49871857115
1004,,,,0.0,4118.41386705168,-226.59250847964,418,1,84.442,45923.19750733491
1005,,,,0.0,4125.41386705168,-219.59250847964,419,1,84.347,66150.82571454888
1006,,,,0.0,4134.41386705168,-210.59250847964,420,1,84.218,89902.35408143759
1007,,,,0.0,4138.41386705168,-206.59250847964,421,1,84.151,46684.3004935739
1008,,,,0.0,4140.41386705168,-204.59250847964,422,1,84.121,20901.4716670964
1009,,,,0.0,4149.41386705168,-195.59250847964,423,1,84.01,77438.60641981356
1010,,,,0.0,4156.41386705168,-188.59250847964,424,1,83.89,83743.42659336043
1011,,,,0.0,4164.41386705168,-180.59250847964,425,1,83.745,101224.72019746245
1012,,,,0.0,4174.41386705168,-170.59250847964,426,1,83.605,97802.34249115422
1013,,,,0.0,4179.41386705168,-165.59250847964,427,1,83.535,48898.30636173641
1014,,,,0.0,4188.41386705168,-156.59250847964,428,1,83.425,76922.73371672395
1015,,,,0.0,4197.41386705168,-147.59250847964,429,1,83.28,101460.83241249052
1016,,,,0.0,4208.41386705168,-136.59250847964,430,1,83.082,138623.78925459468
1017,,,,0.0,4216.41386705168,-128.59250847964,431,1,82.974,75617.36867956337
1018,,,,0.0,4224.41386705168,-120.59250847964,432,1,82.838,95262.35764881289
1019,,,,0.0,4233.41386705168,-111.59250847964,433,1,82.695,100210.06676461769
1020,,,,0.0,4240.41386705168,-104.59250847964,434,1,82.548,103002.7101690774
1021,,,,0.0,4249.41386705168,-95.59250847964,435,1,82.398,105138.57295720995
1022,,,,0.0,4257.41386705168,-87.59250847964,436,1,82.252,102343.5462086692
1023,,,,0.0,4265.41386705168,-79.59250847964,437,1,82.127,87643.05825651102
1024,,,,0.0,4272.41386705168,-72.59250847964,438,1,81.99,96061.07728679244
1025,,,,0.0,4279.41386705168,-65.59250847964,439,1,81.849,98860.0192875009
1026,,,,0.0,4286.41386705168,-58.59250847964,440,1,81.722,89043.89133624051
1027,,,,0.0,4294.41386705168,-50.59250847964,441,1,81.585,96079.17481796572
1028,,,,0.0,4301.41386705168,-43.59250847964,442,1,81.478,75049.95508612567
1029,,,,0.0,4309.41386705168,-35.59250847964,443,1,81.374,72986.85337601787
1030,,,,0.0,4313.41386705168,-31.59250847964,444,1,81.331,30178.002139256172
1031,,,,0.0,4315.41386705168,-29.59250847964,445,1,81.316,10528.336788515719
1032,,,,0.0,4320.41386705168,-24.59250847964,446,1,81.286,21075.23806831092
1033,,,,0.0,4327.41386705168,-17.59250847964,447,1,81.225,42898.39365185953
1034,,,,0.0,4332.41386705168,-12.59250847964,448,1,81.166,41509.156196777214
1035,,,,0.0,4338.41386705168,-6.59250847964,449,1,81.121,31683.06770590092
1036,,,,0.0,4344.41386705168,-0.59250847964,450,1,81.081,28186.90472253506
1037,,,,0.0,4349.41386705168,4.40749152036,451,1,81.034,33139.94576568083
1038,,,,0.0,4355.41386705168,10.40749152036,452,1,81.017,11998.585933690203
1044,,,,0.0,4378.41386705168,33.40749152036,458,1,80.98,26243.726715162804
1045,,,,0.0,4383.41386705168,38.40749152036,459,1,80.927,37614.385615553096
1051,,,,0.0,4411.41386705168,66.40749152036,465,1,80.912,10709.08213244706
1080,,,,0.0,4537.41386705168,192.40749152036,494,1,80.887,18353.725656881546
1081,,,,0.0,4543.41386705168,198.40749152036,495,1,80.815,52896.89585736134
1082,,,,0.0,4547.41386705168,202.40749152036,496,1,80.77,33065.724136840814
1083,,,,0.0,4551.41386705168,206.40749152036,497,1,80.733,27197.478769500627
1084,,,,0.0,4558.41386705168,213.40749152036,498,1,80.662,52235.069631167724
1085,,,,0.0,4559.41386705168,214.40749152036,499,1,80.649,9561.286934007503
1086,,,,0.0,4571.41386705168,226.40749152036,500,1,80.481,123747.44195487494
1087,,,,0.0,4581.41386705168,236.40749152036,501,1,80.337,106095.42939909201
1088,,,,0.0,4590.41386705168,245.40749152036,502,1,80.163,128196.48806515714
1089,,,,0.0,4595.41386705168,250.40749152036,503,1,80.078,62591.765644964806
1090,,,,0.0,4599.41386705168,254.40749152036,504,1,80.026,38291.99700406793
1091,,,,0.0,4601.41386705168,256.40749152036,505,1,80.002,17672.52139959778
1092,,,,0.0,4605.41386705168,260.40749152036,506,1,79.946,41251.09728360028
1093,,,,0.0,4615.41386705168,270.40749152036,507,1,79.8,107644.9099264821
1094,,,,0.0,4616.41386705168,271.40749152036,508,1,79.788,8840.691074580858
1095,,,,0.0,4624.41386705168,279.40749152036,509,1,79.664,91434.13295120792
1096,,,,0.0,4633.41386705168,288.40749152036,510,1,79.505,117261.84043695952
1097,,,,0.0,4641.41386705168,296.40749152036,511,1,79.394,81864.27844872422
1098,,,,0.0,4649.41386705168,304.40749152036,512,1,79.256,101792.87238107323
1099,,,,0.0,4659.41386705168,314.40749152036,513,1,79.069,137950.21799367724
1100,,,,0.0,4666.41386705168,321.40749152036,514,1,78.918,111322.14186969522
1101,,,,0.0,4674.41386705168,329.40749152036,515,1,78.763,114245.26921044014
1102,,,,0.0,4684.41386705168,339.40749152036,516,1,78.585,131200.80126121538
1103,,,,0.0,4691.41386705168,346.40749152036,517,1,78.425,117855.82260252298
1104,,,,0.0,4701.41386705168,356.40749152036,518,1,78.213,156121.05384513753
1105,,,,0.0,4704.41386705168,359.40749152036,519,1,78.157,41195.234997886866
1106,,,,0.0,4708.41386705168,363.40749152036,520,1,78.104,38994.29734180421
1107,,,,0.0,4716.41386705168,371.40749152036,521,1,77.984,88341.07292164686
1108,,,,0.0,4728.41386705168,383.40749152036,522,1,77.794,139950.7425224979
1109,,,,0.0,4739.41386705168,394.40749152036,523,1,77.61,135520.39255753323
1110,,,,0.0,4749.41386705168,404.40749152036,524,1,77.425,136220.19509249777
1111,,,,0.0,4758.41386705168,413.40749152036,525,1,77.239,136887.6899540594
1112,,,,0.0,4767.41386705168,422.40749152036,526,1,77.055,135347.3373573266
1113,,,,0.0,4774.41386705168,429.40749152036,527,1,76.942,83082.73158814253
1114,,,,0.0,4784.41386705168,439.40749152036,528,1,76.776,122084.78811536239
1115,,,,0.0,4789.41386705168,444.40749152036,529,1,76.689,63945.64372231891
1116,,,,0.0,4797.41386705168,452.40749152036,530,1,76.573,85290.3043146804
1117,,,,0.0,4803.41386705168,458.40749152036,531,1,76.456,86002.20961733584
1118,,,,0.0,4809.41386705168,464.40749152036,532,1,76.367,65414.02593099407
1119,,,,0.0,4816.41386705168,471.40749152036,533,1,76.258,80126.46314401165
1120,,,,0.0,4826.41386705168,481.40749152036,534,1,76.079,131608.21225844577
1121,,,,0.0,4832.41386705168,487.40749152036,535,1,75.979,73480.71877961027
1122,,,,0.0,4840.41386705168,495.40749152036,536,1,75.856,90398.14145896983
1123,,,,0.0,4849.41386705168,504.40749152036,537,1,75.683,127133.43174384291
1124,,,,0.0,4850.41386705168,505.40749152036,538,1,75.659,17617.71205121672
1125,,,,0.0,4856.41386705168,511.40749152036,539,1,75.558,74171.60590912869
1126,,,,0.0,4857.41386705168,512.40749152036,540,1,75.546,8807.69597960406
1127,,,,0.0,4864.41386705168,519.40749152036,541,1,75.43,85191.53076707112
1128,,,,0.0,4867.41386705168,522.40749152036,542,1,75.383,34501.25651399652
1129,,,,0.0,4874.41386705168,529.40749152036,543,1,75.3,60962.77829250154
1130,,,,0.0,4882.41386705168,537.40749152036,544,1,75.208,67605.4958598028
1131,,,,0.0,4891.41386705168,546.40749152036,545,1,75.072,99971.10792790844
1132,,,,0.0,4898.41386705168,553.40749152036,546,1,74.936,99932.97236213846
1133,,,,0.0,4906.41386705168,561.40749152036,547,1,74.79,107254.18750809487
1134,,,,0.0,4908.41386705168,563.40749152036,548,1,74.754,26424.858360038557
1135,,,,0.0,4915.41386705168,570.40749152036,549,1,74.652,74908.01707051662
1136,,,,0.0,4923.41386705168,578.40749152036,550,1,74.5,111619.22781497157
1137,,,,0.0,4932.41386705168,587.40749152036,551,1,74.319,132860.67876981638
1138,,,,0.0,4941.41386705168,596.40749152036,552,1,74.18,101997.50748021666
1139,,,,0.0,4945.41386705168,600.40749152036,553,1,74.127,38872.2932021926
1140,,,,0.0,4948.41386705168,603.40749152036,554,1,74.093,24937.4327147236
1141,,,,0.0,4955.41386705168,610.40749152036,555,1,74.016,56513.48721750578
1142,,,,0.0,4957.41386705168,612.40749152036,556,1,73.999,12474.117430045551
1143,,,,0.0,4961.41386705168,616.40749152036,557,1,73.971,20555.931477407663
1144,,,,0.0,4965.41386705168,620.40749152036,558,1,73.947,17627.37812127788
1145,,,,0.0,4967.41386705168,622.40749152036,559,1,73.938,6611.45399756069
1146,,,,0.0,4972.41386705168,627.40749152036,560,1,73.885,38956.96815866457
1147,,,,0.0,4976.41386705168,631.40749152036,561,1,73.846,28671.653282744148
1151,,,,0.0,4991.41386705168,646.40749152036,565,1,73.837,6634.322767150392
1152,,,,0.0,4996.41386705168,651.40749152036,566,1,73.779,42777.936505129765
1153,,,,0.0,4997.41386705168,652.40749152036,567,1,73.77,6636.270768026727
1154,,,,0.0,5004.41386705168,659.40749152036,568,1,73.709,45020.803114628514
1283,,,,0.0,5562.41386705168,1217.40749152036,697,1,73.69,15577.990590205936
1284,,,,0.0,5568.41386705168,1223.40749152036,698,1,73.589,82831.1530184752
1285,,,,0.0,5575.41386705168,1230.40749152036,699,1,73.444,118866.62493155715
1286,,,,0.0,5583.41386705168,1238.40749152036,700,1,73.314,106523.38479910808
1287,,,,0.0,5591.41386705168,1246.40749152036,701,1,73.177,112215.57780535141
1288,,,,0.0,5599.41386705168,1254.40749152036,702,1,73.047,106439.93012845736
1289,,,,0.0,5605.41386705168,1260.40749152036,703,1,72.922,102277.08209495834
1290,,,,0.0,5611.41386705168,1266.40749152036,704,1,72.825,79331.13347746985
1291,,,,0.0,5619.41386705168,1274.40749152036,705,1,72.682,116925.95965809227
1292,,,,0.0,5626.41386705168,1281.40749152036,706,1,72.538,117657.76633535174
1293,,,,0.0,5636.41386705168,1291.40749152036,707,1,72.365,141294.85719388988
1294,,,,0.0,5643.41386705168,1298.40749152036,708,1,72.223,115867.72923771276
1295,,,,0.0,5651.41386705168,1306.40749152036,709,1,72.086,111730.33407242982
1296,,,,0.0,5659.41386705168,1314.40749152036,710,1,71.964,99459.10524095285
1297,,,,0.0,5669.41386705168,1324.40749152036,711,1,71.804,130412.84685412298
1298,,,,0.0,5677.41386705168,1332.40749152036,712,1,71.643,131119.68590490206
1299,,,,0.0,5685.41386705168,1340.40749152036,713,1,71.489,125319.75727329857
1300,,,,0.0,5695.41386705168,1350.40749152036,714,1,71.281,169131.92146218414
1301,,,,0.0,5702.41386705168,1357.40749152036,715,1,71.137,116946.19844896278
1302,,,,0.0,5710.41386705168,1365.40749152036,716,1,70.98,127412.86134437118
1303,,,,0.0,5718.41386705168,1373.40749152036,717,1,70.815,133789.01155597292
1304,,,,0.0,5724.41386705168,1379.40749152036,718,1,70.73,68872.28366900049
1305,,,,0.0,5731.41386705168,1386.40749152036,719,1,70.601,104493.41246851622
1306,,,,0.0,5739.41386705168,1394.40749152036,720,1,70.451,121433.37071631064
1307,,,,0.0,5745.41386705168,1400.40749152036,721,1,70.316,109183.23096613327
1308,,,,0.0,5753.41386705168,1408.40749152036,722,1,70.151,133347.18963442455
1309,,,,0.0,5756.41386705168,1411.40749152036,723,1,70.101,40367.42788408432
1310,,,,0.0,5761.41386705168,1416.40749152036,724,1,70.049,41988.03198029318
1311,,,,0.0,5764.41386705168,1419.40749152036,725,1,70.038,8882.713899338343
1312,,,,0.0,5768.41386705168,1423.40749152036,726,1,70.031,5655.831733600992
1313,,,,0.0,5774.41386705168,1429.40749152036,727,1,69.988,34766.68917578564
1314,,,,0.0,5777.41386705168,1432.40749152036,728,1,69.953,28297.397588915017
1315,,,,0.0,5780.41386705168,1435.40749152036,729,1,69.922,25064.59707927425
1316,,,,0.0,5785.41386705168,1440.40749152036,730,1,69.857,52564.158719968254
1317,,,,0.0,5795.41386705168,1450.40749152036,731,1,69.715,114860.60560380017
1318,,,,0.0,5797.41386705168,1452.40749152036,732,1,69.685,24244.784792011047
1319,,,,0.0,5802.41386705168,1457.40749152036,733,1,69.611,59810.72510983593
1320,,,,0.0,5806.41386705168,1461.40749152036,734,1,69.556,44443.36592498448
1321,,,,0.0,5810.41386705168,1465.40749152036,735,1,69.507,39592.66559609043
1322,,,,0.0,5820.41386705168,1475.40749152036,736,1,69.353,124466.29111514318
1323,,,,0.0,5828.41386705168,1483.40749152036,737,1,69.225,103384.31191914092
1324,,,,0.0,5837.41386705168,1492.40749152036,738,1,69.095,104966.04119177282
1325,,,,0.0,5850.41386705168,1505.40749152036,739,1,68.908,150979.06233531315
1326,,,,0.0,5859.41386705168,1514.40749152036,740,1,68.77,111326.3087695401
1327,,,,0.0,5866.41386705168,1521.40749152036,741,1,68.636,108014.7821513581
1328,,,,0.0,5874.41386705168,1529.40749152036,742,1,68.499,110365.52115516448
1329,,,,0.0,5884.41386705168,1539.40749152036,743,1,68.347,122399.29200768506
1330,,,,0.0,5891.41386705168,1546.40749152036,744,1,68.209,111022.09186000985
1331,,,,0.0,5896.41386705168,1551.40749152036,745,1,68.143,53063.19635761724
1332,,,,0.0,5900.41386705168,1555.40749152036,746,1,68.108,28137.805142985308
1333,,,,0.0,5906.41386705168,1561.40749152036,747,1,68.051,45840.05012626346
1334,,,,0.0,5910.41386705168,1565.40749152036,748,1,68.044,5630.644426658812
1343,,,,0.0,5956.41386705168,1611.40749152036,757,1,67.899,117411.25169764474
1344,,,,0.0,5967.41386705168,1622.40749152036,758,1,67.725,140822.4696650783
1345,,,,0.0,5975.41386705168,1630.40749152036,759,1,67.592,107540.48540695809
1346,,,,0.0,5985.41386705168,1640.40749152036,760,1,67.415,143028.88028097514
1347,,,,0.0,5992.41386705168,1647.40749152036,761,1,67.275,112996.55132544719
1348,,,,0.0,6000.41386705168,1655.40749152036,762,1,67.155,96796.27633773455
1349,,,,0.0,6007.41386705168,1662.40749152036,763,1,67.083,58062.47203334261
1350,,,,0.0,6013.41386705168,1668.40749152036,764,1,67.006,62087.61420546868
1351,,,,0.0,6024.41386705168,1679.40749152036,765,1,66.868,111298.7087212036
1352,,,,0.0,6032.41386705168,1687.40749152036,766,1,66.783,68530.24238834751
1353,,,,0.0,6041.41386705168,1696.40749152036,767,1,66.682,81438.04747837057
1354,,,,0.0,6050.41386705168,1705.40749152036,768,1,66.55,106406.35372422793
1355,,,,0.0,6060.41386705168,1715.40749152036,769,1,66.397,123274.21788457995
1356,,,,0.0,6069.41386705168,1724.40749152036,770,1,66.282,92607.63268366056
1357,,,,0.0,6078.41386705168,1733.40749152036,771,1,66.172,88562.1253381105
1358,,,,0.0,6086.41386705168,1741.40749152036,772,1,66.079,74858.89179082785
1359,,,,0.0,6091.41386705168,1746.40749152036,773,1,66.026,42649.4301320615
1360,,,,0.0,6097.41386705168,1752.40749152036,774,1,66.009,13686.22467891157
1365,,,,0.0,6124.41386705168,1779.40749152036,779,1,65.988,16976.489401394276
1366,,,,0.0,6133.41386705168,1788.40749152036,780,1,65.849,112396.91287467505
1367,,,,0.0,6140.41386705168,1795.40749152036,781,1,65.728,97760.40548159966
1368,,,,0.0,6146.41386705168,1801.40749152036,782,1,65.629,79930.074147088
1369,,,,0.0,6152.41386705168,1807.40749152036,783,1,65.596,26642.566820228283
1389,,,,0.0,6245.41386705168,1900.40749152036,803,1,65.587,7373.629145893246
1390,,,,0.0,6255.41386705168,1910.40749152036,804,1,65.388,163041.2634161801
1391,,,,0.0,6263.41386705168,1918.40749152036,1,2,65.256,108012.62224462126
1392,,,,0.0,6272.41386705168,1927.40749152036,2,2,65.146,89972.88444003959
1393,,,,0.0,6279.41386705168,1934.40749152036,3,2,65.073,59692.026587819135
1394,,,,0.0,6286.41386705168,1941.40749152036,4,2,64.986,71131.60899872516
1395,,,,0.0,6287.41386705168,1942.40749152036,5,2,64.975,8988.30452934302
1396,,,,0.0,6293.41386705168,1948.40749152036,6,2,64.964,8995.358949175577
1399,,,,0.0,6303.41386705168,1958.40749152036,9,2,64.951,10645.80416299853
1400,,,,0.0,6306.41386705168,1961.40749152036,10,2,64.912,31939.823136649935
1401,,,,0.0,6310.41386705168,1965.40749152036,11,2,64.877,28665.780688685816
1402,,,,0.0,6316.41386705168,1971.40749152036,12,2,64.869,6556.235468752265
1638,,,,0.0,7348.41386705168,3003.40749152036,248,2,64.835,32406.03485521616
1639,,,,0.0,7356.41386705168,3011.40749152036,249,2,64.676,151485.1060973733
1640,,,,0.0,7363.41386705168,3018.40749152036,250,2,64.575,96124.58917875911
1641,,,,0.0,7373.41386705168,3028.40749152036,251,2,64.434,134124.3816900054
1642,,,,0.0,7382.41386705168,3037.40749152036,252,2,64.277,149181.0657850046
1643,,,,0.0,7389.41386705168,3044.40749152036,253,2,64.187,85434.62967152668
1644,,,,0.0,7398.41386705168,3053.40749152036,254,2,64.03,148930.58163430382
1645,,,,0.0,7407.41386705168,3062.40749152036,255,2,63.869,152531.53301531018
1646,,,,0.0,7415.41386705168,3070.40749152036,256,2,63.754,108833.39685479659
1647,,,,0.0,7424.41386705168,3079.40749152036,257,2,63.628,119162.82258880771
1648,,,,0.0,7431.41386705168,3086.40749152036,258,2,63.531,91662.20212428243
1649,,,,0.0,7438.41386705168,3093.40749152036,259,2,63.442,84058.51743076133
1650,,,,0.0,7445.41386705168,3100.40749152036,260,2,63.322,113257.2532131503
1651,,,,0.0,7451.41386705168,3106.40749152036,261,2,63.25,67906.10563059608
1652,,,,0.0,7458.41386705168,3113.40749152036,262,2,63.171,74489.11101943729
1653,,,,0.0,7468.41386705168,3123.40749152036,263,2,63.041,122538.44862848488
1654,,,,0.0,7478.41386705168,3133.40749152036,264,2,62.92,113980.6071820267
1655,,,,0.0,7484.41386705168,3139.40749152036,265,2,62.838,77180.44336560089
1656,,,,0.0,7493.41386705168,3148.40749152036,266,2,62.706,124179.415869316
1657,,,,0.0,7501.41386705168,3156.40749152036,267,2,62.603,96819.45103743848
1658,,,,0.0,7510.41386705168,3165.40749152036,268,2,62.504,93020.92941886175
1659,,,,0.0,7521.41386705168,3176.40749152036,269,2,62.394,103335.05040837175
1660,,,,0.0,7529.41386705168,3184.40749152036,270,2,62.291,96696.91170537533
1661,,,,0.0,7541.41386705168,3196.40749152036,271,2,62.138,143570.69966769492
1662,,,,0.0,7549.41386705168,3204.40749152036,272,2,62.028,103111.85744379675
1663,,,,0.0,7557.41386705168,3212.40749152036,273,2,61.922,99294.59357503346
1664,,,,0.0,7567.41386705168,3222.40749152036,274,2,61.79,123575.7473703301
1665,,,,0.0,7570.41386705168,3225.40749152036,275,2,61.751,36475.003482429216
1666,,,,0.0,7576.41386705168,3231.40749152036,276,2,61.715,33675.46252233313
1669,,,,0.0,7585.41386705168,3240.40749152036,279,2,61.682,30888.57139343619
1670,,,,0.0,7589.41386705168,3244.40749152036,280,2,61.639,40245.166622442564
1671,,,,0.0,7594.41386705168,3249.40749152036,281,2,61.607,29951.396206680198
1672,,,,0.0,7602.41386705168,3257.40749152036,282,2,61.577,28094.87249396789
1673,,,,0.0,7611.41386705168,3266.40749152036,283,2,61.555,20618.589470110328
1674,,,,0.0,7619.41386705168,3274.40749152036,284,2,61.551,3751.9822540669775
1676,,,,0.0,7627.41386705168,3282.40749152036,286,2,61.52,29100.117012988318
1677,,,,0.0,7630.41386705168,3285.40749152036,287,2,61.499,19712.403553728192
1678,,,,0.0,7638.41386705168,3293.40749152036,288,2,61.463,33812.44725313599
1679,,,,0.0,7647.41386705168,3302.40749152036,289,2,61.423,37590.40401865971
1680,,,,0.0,7650.41386705168,3305.40749152036,290,2,61.415,7518.092308809665
1681,,,,0.0,7659.41386705168,3314.40749152036,291,2,61.407,7525.956239834685
1682,,,,0.0,7660.41386705168,3315.40749152036,292,2,61.403,3763.1017080483816
1683,,,,0.0,7669.41386705168,3324.40749152036,293,2,61.339,60246.98859965812
1684,,,,0.0,7676.41386705168,3331.40749152036,294,2,61.25,83752.90705977057
1685,,,,0.0,7677.41386705168,3332.40749152036,295,2,61.238,11284.692836969542
1686,,,,0.0,7681.41386705168,3336.40749152036,296,2,61.183,51720.15018600809
1687,,,,0.0,7684.41386705168,3339.40749152036,297,2,61.142,38539.832977767976
1688,,,,0.0,7688.41386705168,3343.40749152036,298,2,61.094,45110.44595774231
1689,,,,0.0,7693.41386705168,3348.40749152036,299,2,61.044,46982.90914470191
1690,,,,0.0,7699.41386705168,3354.40749152036,300,2,60.952,86415.3878594838
1691,,,,0.0,7703.41386705168,3358.40749152036,301,2,60.91,39427.64366800087
1692,,,,0.0,7708.41386705168,3363.40749152036,302,2,60.908,1878.0471209086263
1696,,,,0.0,7722.41386705168,3377.40749152036,306,2,60.872,33855.680186265214
1697,,,,0.0,7725.41386705168,3380.40749152036,307,2,60.841,29148.782238013173
1698,,,,0.0,7730.41386705168,3385.40749152036,308,2,60.788,49832.85293649244
1838,,,,0.0,8342.41386705168,3997.40749152036,448,2,60.722,66903.32279303501
1839,,,,0.0,8353.41386705168,4008.40749152036,449,2,60.553,171207.18507681513
1840,,,,0.0,8360.41386705168,4015.40749152036,450,2,60.446,108241.38377243363
1841,,,,0.0,8370.41386705168,4025.40749152036,451,2,60.301,146551.84266470492
1842,,,,0.0,8373.41386705168,4028.40749152036,452,2,60.25,51480.594169436255
1843,,,,0.0,8378.41386705168,4033.40749152036,453,2,60.185,65588.5278150917
1844,,,,0.0,8385.41386705168,4040.40749152036,454,2,60.095,90773.78219361129
1845,,,,0.0,8393.41386705168,4048.40749152036,455,2,59.967,128989.44713036285
1846,,,,0.0,8400.41386705168,4055.40749152036,456,2,59.852,115750.85675067251
1847,,,,0.0,8409.41386705168,4064.40749152036,457,2,59.672,180922.820948187
1848,,,,0.0,8417.41386705168,4072.40749152036,458,2,59.537,135463.2511064421
1849,,,,0.0,8425.41386705168,4080.40749152036,459,2,59.396,141290.42439045635
1850,,,,0.0,8434.41386705168,4089.40749152036,460,2,59.241,155098.20148153973
1851,,,,0.0,8443.41386705168,4098.40749152036,461,2,59.076,164834.9007538115
1852,,,,0.0,8451.41386705168,4106.40749152036,462,2,58.967,108741.69693481534
1853,,,,0.0,8459.41386705168,4114.40749152036,463,2,58.859,107647.80101631398
1854,,,,0.0,8468.41386705168,4123.40749152036,464,2,58.682,176183.2926794401
1855,,,,0.0,8474.41386705168,4129.40749152036,465,2,58.577,104338.63604184832
1856,,,,0.0,8475.41386705168,4130.40749152036,466,2,58.563,13899.339725405898
1857,,,,0.0,8485.41386705168,4140.40749152036,467,2,58.421,140957.38712689368
1858,,,,0.0,8493.41386705168,4148.40749152036,468,2,58.266,153616.00250522332
1859,,,,0.0,8501.41386705168,4156.40749152036,469,2,58.087,177060.53637347347
1860,,,,0.0,8510.41386705168,4165.40749152036,470,2,57.926,158958.3016772823
1861,,,,0.0,8519.41386705168,4174.40749152036,471,2,57.785,138996.37561383407
1862,,,,0.0,8528.41386705168,4183.40749152036,472,2,57.625,157482.27910342615
1863,,,,0.0,8536.41386705168,4191.40749152036,473,2,57.461,161117.16311377703
1864,,,,0.0,8545.41386705168,4200.40749152036,474,2,57.25,206833.37669180863
1865,,,,0.0,8553.41386705168,4208.40749152036,475,2,57.092,154526.2828450561
1866,,,,0.0,8565.41386705168,4220.40749152036,476,2,56.821,264417.9492459519
1867,,,,0.0,8573.41386705168,4228.40749152036,477,2,56.648,168297.28876791912
1868,,,,0.0,8580.41386705168,4235.40749152036,478,2,56.52,124291.6193928327
1869,,,,0.0,8588.41386705168,4243.40749152036,479,2,56.382,133811.57613367098
1870,,,,0.0,8596.41386705168,4251.40749152036,480,2,56.253,124905.16279308008
1871,,,,0.0,8607.41386705168,4262.40749152036,481,2,56.056,190437.93866695993
1872,,,,0.0,8614.41386705168,4269.40749152036,482,2,55.936,115769.45253585975
1873,,,,0.0,8620.41386705168,4275.40749152036,483,2,55.865,68427.73324326542
1874,,,,0.0,8627.41386705168,4282.40749152036,484,2,55.754,106891.14723533906
1875,,,,0.0,8636.41386705168,4291.40749152036,485,2,55.617,131772.90868387598
1876,,,,0.0,8644.41386705168,4299.40749152036,486,2,55.501,111423.79768916931
1877,,,,0.0,8651.41386705168,4306.40749152036,487,2,55.378,117988.99453427091
1878,,,,0.0,8662.41386705168,4317.40749152036,488,2,55.2,170501.28730516703
1879,,,,0.0,8668.41386705168,4323.40749152036,489,2,55.076,118533.83294277312
1880,,,,0.0,8677.41386705168,4332.40749152036,490,2,54.931,138413.55875455233
1881,,,,0.0,8685.41386705168,4340.40749152036,491,2,54.827,99142.5401428645
1882,,,,0.0,8694.41386705168,4349.40749152036,492,2,54.703,118085.0947064086
1883,,,,0.0,8703.41386705168,4358.40749152036,493,2,54.583,114139.35454495752
1884,,,,0.0,8708.41386705168,4363.40749152036,494,2,54.529,51310.392508529316
1885,,,,0.0,8716.41386705168,4371.40749152036,495,2,54.413,110151.69290251035
1886,,,,0.0,8723.41386705168,4378.40749152036,496,2,54.292,114741.72323455557
1887,,,,0.0,8731.41386705168,4386.40749152036,497,2,54.173,112699.28380568129
1888,,,,0.0,8738.41386705168,4393.40749152036,498,2,54.057,109707.98980839607
1889,,,,0.0,8744.41386705168,4399.40749152036,499,2,53.941,109547.98822240598
1890,,,,0.0,8753.41386705168,4408.40749152036,500,2,53.752,178166.78452145102
1891,,,,0.0,8759.41386705168,4414.40749152036,501,2,53.64,105357.38908916814
1892,,,,0.0,8767.41386705168,4422.40749152036,502,2,53.494,137136.0651159771
1893,,,,0.0,8774.41386705168,4429.40749152036,503,2,53.358,127508.65919102264
1894,,,,0.0,8782.41386705168,4437.40749152036,504,2,53.202,145993.2273809911
1895,,,,0.0,8792.41386705168,4447.40749152036,505,2,53.008,181165.40170299026
1896,,,,0.0,8801.41386705168,4456.40749152036,506,2,52.83,165811.2792732649
1897,,,,0.0,8811.41386705168,4466.40749152036,507,2,52.633,183067.7937101876
1898,,,,0.0,8821.41386705168,4476.40749152036,508,2,52.456,164084.94045180277
1899,,,,0.0,8828.41386705168,4483.40749152036,509,2,52.338,109169.44672849198
1900,,,,0.0,8836.41386705168,4491.40749152036,510,2,52.204,123786.03471756876
1901,,,,0.0,8844.41386705168,4499.40749152036,511,2,52.063,130027.45059529711
1902,,,,0.0,8854.41386705168,4509.40749152036,512,2,51.915,136258.30827011133
1903,,,,0.0,8862.41386705168,4517.40749152036,513,2,51.78,124063.38080242791
1904,,,,0.0,8865.41386705168,4520.40749152036,514,2,51.737,39462.00503284964
1905,,,,0.0,8871.41386705168,4526.40749152036,515,2,51.655,75213.12424846168
1906,,,,0.0,8878.41386705168,4533.40749152036,516,2,51.557,89803.16750052059
1907,,,,0.0,8881.41386705168,4536.40749152036,517,2,51.521,32957.221629167565
1908,,,,0.0,8885.41386705168,4540.40749152036,518,2,51.477,40267.913729061605
1909,,,,0.0,8893.41386705168,4548.40749152036,519,2,51.36,107004.92421597881
1910,,,,0.0,8902.41386705168,4557.40749152036,520,2,51.248,102307.39479189085
1911,,,,0.0,8910.41386705168,4565.40749152036,521,2,51.138,100353.17976111434
1912,,,,0.0,8918.41386705168,4573.40749152036,522,2,51.045,84751.85642845233
1913,,,,0.0,8921.41386705168,4576.40749152036,523,2,51.007,34597.02886249708
1914,,,,0.0,8928.41386705168,4583.40749152036,524,2,50.891,105535.35188208021
1915,,,,0.0,8933.41386705168,4588.40749152036,525,2,50.845,41807.09048620444
1916,,,,0.0,8941.41386705168,4596.40749152036,526,2,50.775,63603.85340188568
1917,,,,0.0,8943.41386705168,4598.40749152036,527,2,50.756,17252.641313375363
1918,,,,0.0,8948.41386705168,4603.40749152036,528,2,50.694,56284.6283823662
1919,,,,0.0,8950.41386705168,4605.40749152036,529,2,50.669,22681.020020154145
1920,,,,0.0,8955.41386705168,4610.40749152036,530,2,50.615,48980.16745796038
1921,,,,0.0,8959.41386705168,4614.40749152036,531,2,50.562,48043.79069181842
1922,,,,0.0,8969.41386705168,4624.40749152036,532,2,50.436,114142.50057980308
1923,,,,0.0,8979.41386705168,4634.40749152036,533,2,50.312,112177.59054643972
1924,,,,0.0,8986.41386705168,4641.40749152036,534,2,50.205,96651.7478061638
1925,,,,0.0,8992.41386705168,4647.40749152036,535,2,50.102,92906.21194952373
1926,,,,0.0,9000.41386705168,4655.40749152036,536,2,49.989,101797.22795347846
1927,,,,0.0,9010.41386705168,4665.40749152036,537,2,49.855,120551.19212701597
1928,,,,0.0,9014.41386705168,4669.40749152036,538,2,49.775,71848.48428594718
1929,,,,0.0,9019.41386705168,4674.40749152036,539,2,49.703,64600.794191988905
1930,,,,0.0,9023.41386705168,4678.40749152036,540,2,49.659,39449.71574095514
1931,,,,0.0,9026.41386705168,4681.40749152036,541,2,49.614,40323.563272073494
1932,,,,0.0,9035.41386705168,4690.40749152036,542,2,49.487,113718.15580410928
1933,,,,0.0,9037.41386705168,4692.40749152036,543,2,49.467,17885.765036007437
1934,,,,0.0,9041.41386705168,4696.40749152036,544,2,49.413,48276.810171401616
1935,,,,0.0,9048.41386705168,4703.40749152036,545,2,49.332,72372.33581145987
1936,,,,0.0,9054.41386705168,4709.40749152036,546,2,49.255,68733.85749314722
1937,,,,0.0,9057.41386705168,4712.40749152036,547,2,49.224,27650.91686662013
1943,,,,0.0,9083.41386705168,4738.40749152036,553,2,49.206,16093.447684804401
1944,,,,0.0,9089.41386705168,4744.40749152036,554,2,49.143,56317.89015787408
1947,,,,0.0,9102.41386705168,4757.40749152036,557,2,49.134,8051.021348510447
1948,,,,0.0,9106.41386705168,4761.40749152036,558,2,49.077,50977.95070093165
1949,,,,0.0,9111.41386705168,4766.40749152036,559,2,49.056,18776.737917323746
1965,,,,0.0,9169.41386705168,4824.40749152036,575,2,49.034,19787.411736818805
1966,,,,0.0,9171.41386705168,4826.40749152036,576,2,49.007,24277.71384737049
1967,,,,0.0,9177.41386705168,4832.40749152036,577,2,48.953,48547.050970480115
1986,,,,0.0,9252.41386705168,4907.40749152036,596,2,48.944,8152.052043085135
1987,,,,0.0,9257.41386705168,4912.40749152036,597,2,48.897,42570.467617815324
2111,,,,0.0,9775.41386705168,5430.40749152036,721,2,48.854,41088.92867948055
2112,,,,0.0,9777.41386705168,5432.40749152036,722,2,48.838,15282.80184799852
2113,,,,0.0,9783.41386705168,5438.40749152036,723,2,48.767,67798.61784504217
2114,,,,0.0,9787.41386705168,5442.40749152036,724,2,48.72,44844.843935895515
2115,,,,0.0,9793.41386705168,5448.40749152036,725,2,48.66,57220.958542411725
2116,,,,0.0,9796.41386705168,5451.40749152036,726,2,48.638,20969.77248159921
2117,,,,0.0,9802.41386705168,5457.40749152036,727,2,48.573,61938.65953794529
2118,,,,0.0,9806.41386705168,5461.40749152036,728,2,48.561,11430.434454746808
2134,,,,0.0,9881.41386705168,5536.40749152036,744,2,48.454,102575.05419538535
2135,,,,0.0,9888.41386705168,5543.40749152036,745,2,48.323,125363.20477432774
2136,,,,0.0,9892.41386705168,5547.40749152036,746,2,48.261,59237.83185798753
2137,,,,0.0,9896.41386705168,5551.40749152036,747,2,48.219,40101.85241551366
2138,,,,0.0,9905.41386705168,5560.40749152036,748,2,48.105,108770.71572761112
2139,,,,0.0,9914.41386705168,5569.40749152036,749,2,47.965,133346.88362906547
2140,,,,0.0,9923.41386705168,5578.40749152036,750,2,47.82,137824.55860205702
2141,,,,0.0,9931.41386705168,5586.40749152036,751,2,47.678,134677.08292955245
2142,,,,0.0,9937.41386705168,5592.40749152036,752,2,47.59,83311.14389718679
2143,,,,0.0,9941.41386705168,5596.40749152036,753,2,47.55,37833.04461245779
2144,,,,0.0,9948.41386705168,5603.40749152036,754,2,47.45,94509.93173698559
2145,,,,0.0,9955.41386705168,5610.40749152036,755,2,47.31,132072.50252585494
2146,,,,0.0,9962.41386705168,5617.40749152036,756,2,47.182,120495.15662405737
2147,,,,0.0,9971.41386705168,5626.40749152036,757,2,47.031,141854.95901314067
2148,,,,0.0,9978.41386705168,5633.40749152036,758,2,46.906,117167.78292865421
2149,,,,0.0,9986.41386705168,5641.40749152036,759,2,46.774,123489.59714063101
2150,,,,0.0,9995.41386705168,5650.40749152036,760,2,46.616,147488.5287649463
2151,,,,0.0,10000.41386705168,5655.40749152036,761,2,46.531,79178.22679031314
2152,,,,0.0,10004.41386705168,5659.40749152036,762,2,46.46,66052.7519436793
2153,,,,0.0,10014.41386705168,5669.40749152036,763,2,46.307,142138.09107433062
2154,,,,0.0,10020.41386705168,5675.40749152036,764,2,46.229,72325.4233729193
2155,,,,0.0,10026.41386705168,5681.40749152036,765,2,46.162,62065.47704058187
2161,,,,0.0,10051.41386705168,5706.40749152036,771,2,46.125,34321.74876729724
2162,,,,0.0,10058.41386705168,5713.40749152036,772,2,46.015,101946.04790811507
2163,,,,0.0,10064.41386705168,5719.40749152036,773,2,45.932,76807.590932204
2164,,,,0.0,10073.41386705168,5728.40749152036,774,2,45.781,139503.31390432862
2165,,,,0.0,10082.41386705168,5737.40749152036,775,2,45.6,166762.73214689156
2166,,,,0.0,10091.41386705168,5746.40749152036,776,2,45.459,129566.8818000985
2167,,,,0.0,10100.41386705168,5755.40749152036,777,2,45.296,149416.07886220037
2168,,,,0.0,10108.41386705168,5763.40749152036,778,2,45.133,148997.28248612647
2169,,,,0.0,10116.41386705168,5771.40749152036,779,2,44.962,155855.95055719506
2170,,,,0.0,10123.41386705168,5778.40749152036,780,2,44.83,119988.20828944474
2171,,,,0.0,10133.41386705168,5788.40749152036,781,2,44.638,174070.32419661706
2172,,,,0.0,10143.41386705168,5798.40749152036,782,2,44.439,179805.4305300354
2173,,,,0.0,10151.41386705168,5806.40749152036,783,2,44.266,155783.24190429138
2174,,,,0.0,10162.41386705168,5817.40749152036,784,2,44.057,187593.14991573404
2175,,,,0.0,10171.41386705168,5826.40749152036,785,2,43.866,170811.53329366416
2176,,,,0.0,10180.41386705168,5835.40749152036,786,2,43.641,200442.93215942182
2177,,,,0.0,10190.41386705168,5845.40749152036,787,2,43.366,243825.26831590425
2178,,,,0.0,10202.41386705168,5857.40749152036,788,2,43.029,297044.45301680104
2179,,,,0.0,10212.41386705168,5867.40749152036,789,2,42.74,253137.56371435328
2180,,,,0.0,10221.41386705168,5876.40749152036,790,2,42.483,223872.58537588292
2181,,,,0.0,10229.41386705168,5884.40749152036,791,2,42.255,197634.97647669454
2182,,,,0.0,10238.41386705168,5893.40749152036,792,2,42.005,215672.18810944367
2183,,,,0.0,10245.41386705168,5900.40749152036,1,3,41.86,124588.58692424462
2186,,,,0.0,10255.41386705168,5910.40749152036,4,3,41.839,18025.725590426213
2187,,,,0.0,10263.41386705168,5918.40749152036,5,3,41.726,96915.82631741924
2188,,,,0.0,10273.41386705168,5928.40749152036,6,3,41.588,118116.85000289543
2189,,,,0.0,10284.41386705168,5939.40749152036,7,3,41.43,134899.0523255547
2190,,,,0.0,10287.41386705168,5942.40749152036,8,3,41.381,41743.64045747598
2191,,,,0.0,10291.41386705168,5946.40749152036,9,3,41.305,64672.64437283912
2192,,,,0.0,10301.41386705168,5956.40749152036,10,3,41.097,176562.2779383395
2193,,,,0.0,10308.41386705168,5963.40749152036,11,3,40.944,129394.0250562173
2194,,,,0.0,10311.41386705168,5966.40749152036,12,3,40.877,56527.24299907453
2195,,,,0.0,10319.41386705168,5974.40749152036,13,3,40.728,125475.24952449287
2196,,,,0.0,10327.41386705168,5982.40749152036,14,3,40.579,125113.96485396805
2197,,,,0.0,10337.41386705168,5992.40749152036,15,3,40.407,143995.95750317562
2198,,,,0.0,10344.41386705168,5999.40749152036,16,3,40.259,123497.48837193621
2199,,,,0.0,10352.41386705168,6007.40749152036,17,3,40.093,138084.96840152325
2200,,,,0.0,10360.41386705168,6015.40749152036,18,3,39.911,150855.16828556947
2201,,,,0.0,10371.41386705168,6026.40749152036,19,3,39.672,197267.7869177997
2202,,,,0.0,10379.41386705168,6034.40749152036,20,3,39.51,133141.76530898275
2203,,,,0.0,10386.41386705168,6041.40749152036,21,3,39.382,104883.83523832855
2204,,,,0.0,10395.41386705168,6050.40749152036,22,3,39.207,142968.90656959947
2205,,,,0.0,10396.41386705168,6051.40749152036,23,3,39.186,17115.127517876077
2206,,,,0.0,10404.41386705168,6059.40749152036,24,3,39.041,118016.38211879105
2207,,,,0.0,10410.41386705168,6065.40749152036,25,3,38.932,88478.70084965831
2208,,,,0.0,10418.41386705168,6073.40749152036,26,3,38.803,104473.9268522328
2209,,,,0.0,10425.41386705168,6080.40749152036,27,3,38.697,85644.77491782514
2210,,,,0.0,10427.41386705168,6082.40749152036,28,3,38.673,19362.456261451658
2211,,,,0.0,10433.41386705168,6088.40749152036,29,3,38.645,22587.3394144346
2218,,,,0.0,10461.41386705168,6116.40749152036,36,3,38.629,12934.324722605144
2219,,,,0.0,10465.41386705168,6120.40749152036,37,3,38.586,34747.73806500841
2220,,,,0.0,10472.41386705168,6127.40749152036,38,3,38.499,70232.14399592298
2221,,,,0.0,10475.41386705168,6130.40749152036,39,3,38.49,7258.424743894252
2228,,,,0.0,10502.41386705168,6157.40749152036,46,3,38.476,11316.602999683339
2229,,,,0.0,10510.41386705168,6165.40749152036,47,3,38.374,82387.9811796554
2230,,,,0.0,10514.41386705168,6169.40749152036,48,3,38.338,29036.941796494768
2231,,,,0.0,10520.41386705168,6175.40749152036,49,3,38.317,16935.28882455642
2250,,,,0.0,10613.41386705168,6268.40749152036,68,3,38.308,7319.275538065793
2251,,,,0.0,10618.41386705168,6273.40749152036,69,3,38.223,69074.21569104392
2252,,,,0.0,10619.41386705168,6274.40749152036,70,3,38.206,13797.730101559857
2253,,,,0.0,10622.41386705168,6277.40749152036,71,3,38.153,42989.19572513611
2254,,,,0.0,10630.41386705168,6285.40749152036,72,3,38.011,114970.98753135432
2255,,,,0.0,10637.41386705168,6292.40749152036,73,3,37.89,97694.23234069564
2256,,,,0.0,10644.41386705168,6299.40749152036,74,3,37.778,90209.44895111297
2257,,,,0.0,10645.41386705168,6300.40749152036,75,3,37.765,10454.424496861398
2258,,,,0.0,10651.41386705168,6306.40749152036,76,3,37.677,70713.62891631472
2259,,,,0.0,10659.41386705168,6314.40749152036,77,3,37.544,106640.9654756369
2260,,,,0.0,10662.41386705168,6317.40749152036,78,3,37.498,36805.927624918935
2261,,,,0.0,10667.41386705168,6322.40749152036,79,3,37.451,37577.064090315485
2262,,,,0.0,10668.41386705168,6323.40749152036,80,3,37.447,3196.1714472559756
2263,,,,0.0,10674.41386705168,6329.40749152036,81,3,37.42,21577.35626058389
2264,,,,0.0,10679.41386705168,6334.40749152036,82,3,37.361,47118.41765513119
2265,,,,0.0,10683.41386705168,6338.40749152036,83,3,37.317,35103.903153599706
2271,,,,0.0,10710.41386705168,6365.40749152036,89,3,37.26,45528.780492899175
2272,,,,0.0,10711.41386705168,6366.40749152036,90,3,37.248,9577.032292875801
2273,,,,0.0,10713.41386705168,6368.40749152036,91,3,37.224,19148.38458017047
2274,,,,0.0,10717.41386705168,6372.40749152036,92,3,37.163,48631.41218503073
2275,,,,0.0,10724.41386705168,6379.40749152036,93,3,37.053,87551.54095128136
2276,,,,0.0,10730.41386705168,6385.40749152036,94,3,36.998,43702.88324979719
2281,,,,0.0,10751.41386705168,6406.40749152036,99,3,36.997,795.5508690906349
2282,,,,0.0,10753.41386705168,6408.40749152036,100,3,36.971,20680.621439872713
2283,,,,0.0,10758.41386705168,6413.40749152036,101,3,36.898,58014.06899799723
2284,,,,0.0,10768.41386705168,6423.40749152036,102,3,36.76,109458.81634946654
2285,,,,0.0,10772.41386705168,6427.40749152036,103,3,36.701,46689.785410159544
2286,,,,0.0,10777.41386705168,6432.40749152036,104,3,36.639,49005.76304659147
2290,,,,0.0,10790.41386705168,6445.40749152036,108,3,36.632,5534.370901173161
2291,,,,0.0,10795.41386705168,6450.40749152036,109,3,36.579,41888.18136489603
2295,,,,0.0,10810.41386705168,6465.40749152036,113,3,36.55,22926.08791482779
2296,,,,0.0,10815.41386705168,6470.40749152036,114,3,36.488,48976.044277344794
2302,,,,0.0,10837.41386705168,6492.40749152036,120,3,36.444,34777.34779867735
2303,,,,0.0,10843.41386705168,6498.40749152036,121,3,36.381,49749.31173668832
2322,,,,0.0,10923.41386705168,6578.40749152036,140,3,36.355,20657.66120688331
2327,,,,0.0,10942.41386705168,6597.40749152036,145,3,36.335,15908.081279916567
2337,,,,0.0,10981.41386705168,6636.40749152036,155,3,36.326,7181.284616944851
2343,,,,0.0,11005.41386705168,6660.40749152036,161,3,36.324,1599.0866348845634
2352,,,,0.0,11039.41386705168,6694.40749152036,170,3,36.311,10424.02174103138
2353,,,,0.0,11044.41386705168,6699.40749152036,171,3,36.301,8019.569797141971
2365,,,,0.0,11093.41386705168,6748.40749152036,183,3,36.263,30589.334386255116
2366,,,,0.0,11098.41386705168,6753.40749152036,184,3,36.255,6438.678214483261
2371,,,,0.0,11121.41386705168,6776.40749152036,189,3,36.234,16929.783565983536
2376,,,,0.0,11145.41386705168,6800.40749152036,194,3,36.165,55677.26048068866
2396,,,,0.0,11231.41386705168,6886.40749152036,214,3,36.102,51134.616913606034
2397,,,,0.0,11237.41386705168,6892.40749152036,215,3,36.061,33247.945372407485
2402,,,,0.0,11257.41386705168,6912.40749152036,220,3,36.051,8117.946287806693
2403,,,,0.0,11263.41386705168,6918.40749152036,221,3,35.971,64897.08748262807
2404,,,,0.0,11269.41386705168,6924.40749152036,222,3,35.898,59124.269880407584
2416,,,,0.0,11329.41386705168,6984.40749152036,234,3,35.845,43078.725370389664
2417,,,,0.0,11330.41386705168,6985.40749152036,235,3,35.831,11369.662420683731
2418,,,,0.0,11338.41386705168,6993.40749152036,236,3,35.71,98150.53744199386
2419,,,,0.0,11346.41386705168,7001.40749152036,237,3,35.579,105962.55926004058
2420,,,,0.0,11354.41386705168,7009.40749152036,238,3,35.44,112086.69746095825
2421,,,,0.0,11358.41386705168,7013.40749152036,239,3,35.383,45852.905882449486
2422,,,,0.0,11362.41386705168,7017.40749152036,240,3,35.323,48203.4500930272
2423,,,,0.0,11368.41386705168,7023.40749152036,241,3,35.226,77796.93230094406
2424,,,,0.0,11372.41386705168,7027.40749152036,242,3,35.157,55229.29775912628
2425,,,,0.0,11381.41386705168,7036.40749152036,243,3,35.004,122175.30088390953
2426,,,,0.0,11386.41386705168,7041.40749152036,244,3,34.917,69265.00162783345
2427,,,,0.0,11393.41386705168,7048.40749152036,245,3,34.81,85003.8568517461
2428,,,,0.0,11400.41386705168,7055.40749152036,246,3,34.692,93497.48462136512
2429,,,,0.0,11410.41386705168,7065.40749152036,247,3,34.502,150011.11365218527
2430,,,,0.0,11419.41386705168,7074.40749152036,248,3,34.322,141467.35319747345
2431,,,,0.0,11427.41386705168,7082.40749152036,249,3,34.172,117406.39281148012
2432,,,,0.0,11438.41386705168,7093.40749152036,250,3,34.001,133344.25904350544
2433,,,,0.0,11446.41386705168,7101.40749152036,251,3,33.87,101771.22177975724
2434,,,,0.0,11454.41386705168,7109.40749152036,252,3,33.731,107631.84662388868
2435,,,,0.0,11457.41386705168,7112.40749152036,253,3,33.672,45563.57994597573
2436,,,,0.0,11465.41386705168,7120.40749152036,254,3,33.526,112486.1206315634
2437,,,,0.0,11474.41386705168,7129.40749152036,255,3,33.36,127401.28922133172
2438,,,,0.0,11482.41386705168,7137.40749152036,256,3,33.205,118470.66625434661
2439,,,,0.0,11489.41386705168,7144.40749152036,257,3,33.062,108875.76538809217
2440,,,,0.0,11498.41386705168,7153.40749152036,258,3,32.9,122870.25683075025
2441,,,,0.0,11502.41386705168,7157.40749152036,259,3,32.834,49902.57842702368
2442,,,,0.0,11508.41386705168,7163.40749152036,260,3,32.716,89016.43042025964
2443,,,,0.0,11512.41386705168,7167.40749152036,261,3,32.623,69955.4936983166
2444,,,,0.0,11519.41386705168,7174.40749152036,262,3,32.517,79539.70964576903
2445,,,,0.0,11520.41386705168,7175.40749152036,263,3,32.505,8988.964205561553
2446,,,,0.0,11525.41386705168,7180.40749152036,264,3,32.426,59120.17517632155
2447,,,,0.0,11533.41386705168,7188.40749152036,265,3,32.29,101509.91200753793
2448,,,,0.0,11540.41386705168,7195.40749152036,266,3,32.176,84811.93252028024
2449,,,,0.0,11545.41386705168,7200.40749152036,267,3,32.094,60845.9474373043
2450,,,,0.0,11554.41386705168,7209.40749152036,268,3,31.951,105820.34836449196
2451,,,,0.0,11564.41386705168,7219.40749152036,269,3,31.775,129703.87550414685
2452,,,,0.0,11574.41386705168,7229.40749152036,270,3,31.602,126904.43158381798
2453,,,,0.0,11581.41386705168,7236.40749152036,271,3,31.474,93505.18541800352
2454,,,,0.0,11589.41386705168,7244.40749152036,272,3,31.334,101907.10686264989
2455,,,,0.0,11598.41386705168,7253.40749152036,273,3,31.174,115998.98464026673
2456,,,,0.0,11608.41386705168,7263.40749152036,274,3,30.996,128461.72604039992
2457,,,,0.0,11618.41386705168,7273.40749152036,275,3,30.817,128552.25392916665
2458,,,,0.0,11629.41386705168,7284.40749152036,276,3,30.626,136478.30056055123
2459,,,,0.0,11634.41386705168,7289.40749152036,277,3,30.582,31333.24497487831
2464,,,,0.0,11651.41386705168,7306.40749152036,282,3,30.562,14248.280989739857
2465,,,,0.0,11654.41386705168,7309.40749152036,283,3,30.511,36300.270923226184
2466,,,,0.0,11665.41386705168,7320.40749152036,284,3,30.323,133414.9119913849
2467,,,,0.0,11673.41386705168,7328.40749152036,285,3,30.191,93245.45561110205
2468,,,,0.0,11683.41386705168,7338.40749152036,286,3,30.015,123800.44428922843
2469,,,,0.0,11690.41386705168,7345.40749152036,287,3,29.898,81947.70862395069
2470,,,,0.0,11702.41386705168,7357.40749152036,288,3,29.682,150601.6407309716
2471,,,,0.0,11709.41386705168,7364.40749152036,289,3,29.556,87398.92459070572
2472,,,,0.0,11718.41386705168,7373.40749152036,290,3,29.394,111909.68058895862
2473,,,,0.0,11730.41386705168,7385.40749152036,291,3,29.201,132657.3149041979
2474,,,,0.0,11742.41386705168,7397.40749152036,292,3,29.019,124423.08703183576
2475,,,,0.0,11750.41386705168,7405.40749152036,293,3,28.891,87099.70778124331
2476,,,,0.0,11758.41386705168,7413.40749152036,294,3,28.743,100297.29487242096
2477,,,,0.0,11769.41386705168,7424.40749152036,295,3,28.536,139547.03317640472
2478,,,,0.0,11778.41386705168,7433.40749152036,296,3,28.369,111931.85706446524
2479,,,,0.0,11787.41386705168,7442.40749152036,297,3,28.214,103379.92202010547
2480,,,,0.0,11797.41386705168,7452.40749152036,298,3,28.05,108858.22978578912
2481,,,,0.0,11807.41386705168,7462.40749152036,299,3,27.883,110290.82133090992
2482,,,,0.0,11813.41386705168,7468.40749152036,300,3,27.796,57225.03915121046
2483,,,,0.0,11821.41386705168,7476.40749152036,301,3,27.672,81308.0628628244
2484,,,,0.0,11833.41386705168,7488.40749152036,302,3,27.489,119451.95844464
2485,,,,0.0,11842.41386705168,7497.40749152036,303,3,27.345,93508.83676597255
2486,,,,0.0,11850.41386705168,7505.40749152036,304,3,27.228,75665.3784080918
2487,,,,0.0,11859.41386705168,7514.40749152036,305,3,27.093,86969.05479073644
2488,,,,0.0,11866.41386705168,7521.40749152036,306,3,26.99,66102.43990069185
2489,,,,0.0,11870.41386705168,7525.40749152036,307,3,26.931,37763.810581390724
2490,,,,0.0,11881.41386705168,7536.40749152036,308,3,26.77,102725.05277800218
2491,,,,0.0,11885.41386705168,7540.40749152036,309,3,26.712,36868.03085738405
2492,,,,0.0,11891.41386705168,7546.40749152036,310,3,26.662,31734.61618700127
2499,,,,0.0,11918.41386705168,7573.40749152036,317,3,26.659,1906.5052374152601
2500,,,,0.0,11920.41386705168,7575.40749152036,318,3,26.648,6989.856522119675
2501,,,,0.0,11926.41386705168,7581.40749152036,319,3,26.624,15248.254068614428
2502,,,,0.0,11932.41386705168,7587.40749152036,320,3,26.561,39981.40218570531
2503,,,,0.0,11935.41386705168,7590.40749152036,321,3,26.55,6972.919424822313
2508,,,,0.0,11958.41386705168,7613.40749152036,326,3,26.521,18404.70448781064
2509,,,,0.0,11964.41386705168,7619.40749152036,327,3,26.496,15857.933249738326
2510,,,,0.0,11970.41386705168,7625.40749152036,328,3,26.459,23454.05085419909
2511,,,,0.0,11974.41386705168,7629.40749152036,329,3,26.389,44297.66768321648
2512,,,,0.0,11975.41386705168,7630.40749152036,330,3,26.374,9477.881428009076
2513,,,,0.0,11978.41386705168,7633.40749152036,331,3,26.329,28408.425571583946
2514,,,,0.0,11983.41386705168,7638.40749152036,332,3,26.269,37818.21615475249
2520,,,,0.0,12012.41386705168,7667.40749152036,338,3,26.26,5679.000792199193
2521,,,,0.0,12017.41386705168,7672.40749152036,339,3,26.211,30897.720427887285
2535,,,,0.0,12072.41386705168,7727.40749152036,353,3,26.209,1265.6718698209966
2536,,,,0.0,12074.41386705168,7729.40749152036,354,3,26.177,20240.967834859835
2537,,,,0.0,12079.41386705168,7734.40749152036,355,3,26.094,52406.45250630564
2538,,,,0.0,12084.41386705168,7739.40749152036,356,3,26.016,49118.06691574278
2539,,,,0.0,12090.41386705168,7745.40749152036,357,3,25.932,52758.11684351022
2540,,,,0.0,12095.41386705168,7750.40749152036,358,3,25.93,1254.584707945373
2544,,,,0.0,12112.41386705168,7767.40749152036,362,3,25.881,30750.257468424596
2545,,,,0.0,12113.41386705168,7768.40749152036,363,3,25.866,9402.492410675206
2546,,,,0.0,12122.41386705168,7777.40749152036,364,3,25.729,85687.46425546308
2547,,,,0.0,12131.41386705168,7786.40749152036,365,3,25.599,80948.5574258431
2548,,,,0.0,12133.41386705168,7788.40749152036,366,3,25.574,15522.579695465009
2549,,,,0.0,12143.41386705168,7798.40749152036,367,3,25.439,83628.71616598847
2550,,,,0.0,12152.41386705168,7807.40749152036,368,3,25.321,72789.07029120122
2551,,,,0.0,12160.41386705168,7815.40749152036,369,3,25.222,60847.75601015704
2552,,,,0.0,12168.41386705168,7823.40749152036,370,3,25.149,44744.26776750024
2553,,,,0.0,12172.41386705168,7827.40749152036,371,3,25.095,33025.90116615306
2554,,,,0.0,12178.41386705168,7833.40749152036,372,3,25.012,50648.574041816784
2555,,,,0.0,12184.41386705168,7839.40749152036,373,3,24.921,55364.79472373839
2556,,,,0.0,12192.41386705168,7847.40749152036,374,3,24.806,69723.59890219013
2557,,,,0.0,12196.41386705168,7851.40749152036,375,3,24.756,30223.9332039412
2558,,,,0.0,12201.41386705168,7856.40749152036,376,3,24.703,31983.89560787748
2571,,,,0.0,12254.41386705168,7909.40749152036,389,3,24.672,18756.912225255255
2572,,,,0.0,12259.41386705168,7914.40749152036,390,3,24.656,9675.717875743887
2577,,,,0.0,12278.41386705168,7933.40749152036,395,3,24.644,7263.909643748049
2578,,,,0.0,12280.41386705168,7935.40749152036,396,3,24.641,1815.720592312995
2579,,,,0.0,12282.41386705168,7937.40749152036,397,3,24.639,1210.5547107359425
2589,,,,0.0,12319.41386705168,7974.40749152036,407,3,24.637,1214.1028754250044
2590,,,,0.0,12321.41386705168,7976.40749152036,408,3,24.619,10924.264105839371
2591,,,,0.0,12327.41386705168,7982.40749152036,409,3,24.558,36979.73913613999
2596,,,,0.0,12346.41386705168,8001.40749152036,414,3,24.554,2425.4283113553784
2597,,,,0.0,12352.41386705168,8007.40749152036,415,3,24.533,12733.20172932961
2616,,,,0.0,12423.41386705168,8078.40749152036,434,3,24.509,14622.45750883132
2617,,,,0.0,12425.41386705168,8080.40749152036,435,3,24.483,15827.392780539374
2618,,,,0.0,12428.41386705168,8083.40749152036,436,3,24.449,20677.00300964682
2619,,,,0.0,12432.41386705168,8087.40749152036,437,3,24.394,33398.00147796427
2620,,,,0.0,12440.41386705168,8095.40749152036,438,3,24.29,62987.50730516809
2621,,,,0.0,12446.41386705168,8101.40749152036,439,3,24.232,35027.64383211063
2631,,,,0.0,12489.41386705168,8144.40749152036,449,3,24.201,18751.89323650961
2632,,,,0.0,12493.41386705168,8148.40749152036,450,3,24.179,13297.489983536347
2633,,,,0.0,12499.41386705168,8154.40749152036,451,3,24.115,38633.38837090524
2634,,,,0.0,12504.41386705168,8159.40749152036,452,3,24.062,31928.532784264644
2635,,,,0.0,12511.41386705168,8166.40749152036,453,3,24.041,12638.567366183006
2654,,,,0.0,12606.41386705168,8261.40749152036,472,3,24.012,17567.504161049546
2655,,,,0.0,12611.41386705168,8266.40749152036,473,3,23.95,37501.855177275735
2656,,,,0.0,12615.41386705168,8270.40749152036,474,3,23.92,18116.99585447146
2662,,,,0.0,12645.41386705168,8300.40749152036,480,3,23.856,38665.42674638475
2663,,,,0.0,12658.41386705168,8313.40749152036,481,3,23.733,74095.35467485273
2664,,,,0.0,12661.41386705168,8316.40749152036,482,3,23.708,15016.75338167125
2665,,,,0.0,12666.41386705168,8321.40749152036,483,3,23.653,32994.17149365873
2666,,,,0.0,12669.41386705168,8324.40749152036,484,3,23.643,5992.125982559571
2671,,,,0.0,12690.41386705168,8345.40749152036,489,3,23.624,11396.918052825846
2672,,,,0.0,12696.41386705168,8351.40749152036,490,3,23.555,41331.28357851999
2677,,,,0.0,12714.41386705168,8369.40749152036,495,3,23.553,1197.9012168974773
2681,,,,0.0,12730.41386705168,8385.40749152036,499,3,23.535,10790.09510709154
2682,,,,0.0,12734.41386705168,8389.40749152036,500,3,23.483,31134.82690245363
2683,,,,0.0,12739.41386705168,8394.40749152036,501,3,23.427,33465.93065219064
2688,,,,0.0,12757.41386705168,8412.40749152036,506,3,23.414,7768.41029830426
2693,,,,0.0,12777.41386705168,8432.40749152036,511,3,23.37,26302.255335670707
2703,,,,0.0,12820.41386705168,8475.40749152036,521,3,23.304,39493.07979083232
2704,,,,0.0,12824.41386705168,8479.40749152036,522,3,23.276,16726.113541962703
2723,,,,0.0,12900.41386705168,8555.40749152036,541,3,23.264,7204.623136471296
2728,,,,0.0,12918.41386705168,8573.40749152036,546,3,23.263,601.0550419909127
2729,,,,0.0,12921.41386705168,8576.40749152036,547,3,23.227,21625.795104453195
2730,,,,0.0,12926.41386705168,8581.40749152036,548,3,23.177,29991.865454333736
2734,,,,0.0,12942.41386705168,8597.40749152036,552,3,23.167,5998.032282545238
2735,,,,0.0,12946.41386705168,8601.40749152036,553,3,23.137,17984.122430999512
2740,,,,0.0,12961.41386705168,8616.40749152036,558,3,23.125,7195.451139810811
2741,,,,0.0,12964.41386705168,8619.40749152036,559,3,23.089,21568.947208270165
2742,,,,0.0,12969.41386705168,8624.40749152036,560,3,23.036,31705.35337473958
2751,,,,0.0,13010.41386705168,8665.40749152036,569,3,23.007,17372.116084739104
2764,,,,0.0,13063.41386705168,8718.40749152036,582,3,22.997,6009.692915399394
2765,,,,0.0,13068.41386705168,8723.40749152036,583,3,22.935,37216.0199159686
2766,,,,0.0,13072.41386705168,8727.40749152036,584,3,22.902,19773.607735992202
2767,,,,0.0,13075.41386705168,8730.40749152036,585,3,22.891,6586.386699354542
2768,,,,0.0,13079.41386705168,8734.40749152036,586,3,22.88,6585.236373196587
2769,,,,0.0,13085.41386705168,8740.40749152036,587,3,22.843,22137.261994997967
2792,,,,0.0,13178.41386705168,8833.40749152036,610,3,22.833,6019.372317915466
2793,,,,0.0,13183.41386705168,8838.40749152036,611,3,22.83,1805.982682233611
2797,,,,0.0,13202.41386705168,8857.40749152036,615,3,22.82,6026.901930307893
2798,,,,0.0,13203.41386705168,8858.40749152036,616,3,22.811,5422.364803507123
2799,,,,0.0,13209.41386705168,8864.40749152036,617,3,22.751,36110.83887663575
2800,,,,0.0,13215.41386705168,8870.40749152036,618,3,22.686,39030.46939202054
2805,,,,0.0,13233.41386705168,8888.40749152036,623,3,22.661,15002.390465728962
2815,,,,0.0,13272.41386705168,8927.40749152036,633,3,22.636,15030.01327339728
2821,,,,0.0,13294.41386705168,8949.40749152036,639,3,22.593,25855.600926093415
2822,,,,0.0,13298.41386705168,8953.40749152036,640,3,22.591,1201.7510643370601
2826,,,,0.0,13314.41386705168,8969.40749152036,644,3,22.567,14430.055233800222
2827,,,,0.0,13318.41386705168,8973.40749152036,645,3,22.564,1803.2200087017966
2831,,,,0.0,13335.41386705168,8990.40749152036,649,3,22.558,3610.3232670547723
2832,,,,0.0,13340.41386705168,8995.40749152036,650,3,22.524,20448.02629044976
2836,,,,0.0,13355.41386705168,9010.40749152036,654,3,22.505,11426.237689371077
2837,,,,0.0,13356.41386705168,9011.40749152036,655,3,22.496,5409.467823880938
2838,,,,0.0,13363.41386705168,9018.40749152036,656,3,22.434,37225.92747288975
2839,,,,0.0,13369.41386705168,9024.40749152036,657,3,22.433,599.8454919737409
2844,,,,0.0,13399.41386705168,9054.40749152036,662,3,22.392,24625.777790214477
2845,,,,0.0,13405.41386705168,9060.40749152036,663,3,22.38,7202.246275867927
2851,,,,0.0,13435.41386705168,9090.40749152036,669,3,22.368,7214.494796674217
2852,,,,0.0,13440.41386705168,9095.40749152036,670,3,22.314,32429.406910009668
2853,,,,0.0,13454.41386705168,9109.40749152036,671,3,22.172,84991.69385113155
2854,,,,0.0,13456.41386705168,9111.40749152036,672,3,22.15,13121.133859141424
2855,,,,0.0,13460.41386705168,9115.40749152036,673,3,22.094,33350.38286349318
2856,,,,0.0,13463.41386705168,9118.40749152036,674,3,22.051,25556.72342192452
2857,,,,0.0,13469.41386705168,9124.40749152036,675,3,21.984,39739.41785558459
2858,,,,0.0,13479.41386705168,9134.40749152036,676,3,21.89,55591.2055762851
2859,,,,0.0,13491.41386705168,9146.40749152036,677,3,21.732,92986.54800194822
2860,,,,0.0,13502.41386705168,9157.40749152036,678,3,21.595,80147.61472963176
2861,,,,0.0,13507.41386705168,9162.40749152036,679,3,21.546,28553.443740285053
2862,,,,0.0,13513.41386705168,9168.40749152036,680,3,21.472,43017.68279222824
2863,,,,0.0,13516.41386705168,9171.40749152036,681,3,21.421,29567.736539972953
2864,,,,0.0,13521.41386705168,9176.40749152036,682,3,21.354,38751.358036930185
2865,,,,0.0,13526.41386705168,9181.40749152036,683,3,21.295,34036.393475935896
2866,,,,0.0,13531.41386705168,9186.40749152036,684,3,21.278,9793.239003555585
2873,,,,0.0,13574.41386705168,9229.40749152036,691,3,21.207,40946.33709305886
2874,,,,0.0,13588.41386705168,9243.40749152036,692,3,21.015,110156.16197657406
2875,,,,0.0,13601.41386705168,9256.40749152036,693,3,20.83,105292.96520435515
2876,,,,0.0,13613.41386705168,9268.40749152036,694,3,20.654,99394.03951149494
2877,,,,0.0,13623.41386705168,9278.40749152036,695,3,20.5,86341.32803983527
2878,,,,0.0,13633.41386705168,9288.40749152036,696,3,20.373,70769.29267347581
2879,,,,0.0,13644.41386705168,9299.40749152036,697,3,20.239,74253.00941980637
2880,,,,0.0,13658.41386705168,9313.40749152036,698,3,20.06,98525.25525666962
2881,,,,0.0,13668.41386705168,9323.40749152036,699,3,19.912,80860.36818588071
2882,,,,0.0,13678.41386705168,9333.40749152036,700,3,19.762,81401.60876421048
2883,,,,0.0,13690.41386705168,9345.40749152036,701,3,19.575,100706.94452389627
2884,,,,0.0,13699.41386705168,9354.40749152036,702,3,19.436,74285.46897708953
2885,,,,0.0,13710.41386705168,9365.40749152036,703,3,19.283,81220.58772131053
2886,,,,0.0,13721.41386705168,9376.40749152036,704,3,19.108,92186.28995974707
2887,,,,0.0,13731.41386705168,9386.40749152036,705,3,18.948,83610.02977992308
2888,,,,0.0,13742.41386705168,9397.40749152036,706,3,18.77,92263.87319026746
2889,,,,0.0,13752.41386705168,9407.40749152036,707,3,18.614,80202.75744091356
2890,,,,0.0,13760.41386705168,9415.40749152036,708,3,18.489,63819.07946365231
2891,,,,0.0,13768.41386705168,9423.40749152036,709,3,18.365,62920.21945738519
2892,,,,0.0,13780.41386705168,9435.40749152036,710,3,18.144,111187.11770175397
2893,,,,0.0,13789.41386705168,9444.40749152036,711,3,17.994,74748.27574912633
2894,,,,0.0,13802.41386705168,9457.40749152036,712,3,17.771,110082.46302598754
2895,,,,0.0,13812.41386705168,9467.40749152036,713,3,17.587,89861.79663006376
2896,,,,0.0,13820.41386705168,9475.40749152036,714,3,17.454,64409.38926794218
2897,,,,0.0,13834.41386705168,9489.40749152036,715,3,17.225,109865.87321546575
2898,,,,0.0,13843.41386705168,9498.40749152036,716,3,17.073,72169.81413944555
2899,,,,0.0,13854.41386705168,9509.40749152036,717,3,16.887,87512.23645606394
2900,,,,0.0,13863.41386705168,9518.40749152036,718,3,16.723,76415.69177174423
2901,,,,0.0,13872.41386705168,9527.40749152036,719,3,16.56,75259.63477014433
2902,,,,0.0,13883.41386705168,9538.40749152036,720,3,16.364,89591.11355912573
2903,,,,0.0,13894.41386705168,9549.40749152036,721,3,16.16,92187.99098884601
2904,,,,0.0,13906.41386705168,9561.40749152036,722,3,15.923,105739.79583489876
2905,,,,0.0,13915.41386705168,9570.40749152036,723,3,15.75,76248.52229012514
2906,,,,0.0,13926.41386705168,9581.40749152036,724,3,15.554,85446.6821000603
2907,,,,0.0,13934.41386705168,9589.40749152036,725,3,15.39,70714.58644313562
2908,,,,0.0,13941.41386705168,9596.40749152036,726,3,15.271,50867.46517874282
2909,,,,0.0,13951.41386705168,9606.40749152036,727,3,15.115,66132.7152352205
2910,,,,0.0,13963.41386705168,9618.40749152036,728,3,14.91,85946.5577784365
2911,,,,0.0,13973.41386705168,9628.40749152036,729,3,14.736,72080.51398545464
2912,,,,0.0,13984.41386705168,9639.40749152036,730,3,14.558,72919.37672821166
2913,,,,0.0,13994.41386705168,9649.40749152036,731,3,14.385,70071.9754558553
2914,,,,0.0,14004.41386705168,9659.40749152036,732,3,14.194,76444.33948613534
2915,,,,0.0,14015.41386705168,9670.40749152036,733,3,13.957,93507.85603781517
2916,,,,0.0,14027.41386705168,9682.40749152036,734,3,13.696,101241.9197487168
2917,,,,0.0,14038.41386705168,9693.40749152036,735,3,13.471,85810.85764339329
2918,,,,0.0,14048.41386705168,9703.40749152036,736,3,13.256,80726.47084630835
2919,,,,0.0,14060.41386705168,9715.40749152036,737,3,13.026,84993.23336838618
2920,,,,0.0,14068.41386705168,9723.40749152036,738,3,12.873,55746.75116364421
2921,,,,0.0,14077.41386705168,9732.40749152036,739,3,12.71,58703.2240706071
2922,,,,0.0,14086.41386705168,9741.40749152036,740,3,12.565,51624.94602101151
2923,,,,0.0,14096.41386705168,9751.40749152036,741,3,12.377,66099.43787833616
2924,,,,0.0,14103.41386705168,9758.40749152036,742,3,12.24,47564.17226563409
2925,,,,0.0,14104.41386705168,9759.40749152036,743,3,12.226,4831.100255397784
2926,,,,0.0,14109.41386705168,9764.40749152036,744,3,12.147,27167.210790350615
2927,,,,0.0,14118.41386705168,9773.40749152036,745,3,12.002,49437.10858893736
2928,,,,0.0,14120.41386705168,9775.40749152036,746,3,11.967,11845.82699927771
2929,,,,0.0,14128.41386705168,9783.40749152036,747,3,11.844,41378.63449836958
2930,,,,0.0,14134.41386705168,9789.40749152036,748,3,11.741,34336.095558604546
2931,,,,0.0,14143.41386705168,9798.40749152036,749,3,11.601,46218.97930786045
2932,,,,0.0,14151.41386705168,9806.40749152036,750,3,11.467,43743.60522140997
2933,,,,0.0,14159.41386705168,9814.40749152036,751,3,11.359,34905.90034036691
2934,,,,0.0,14160.41386705168,9815.40749152036,752,3,11.346,4179.658559068277
2935,,,,0.0,14164.41386705168,9819.40749152036,753,3,11.29,17955.037648496884
2936,,,,0.0,14173.41386705168,9828.40749152036,754,3,11.132,50211.81314487101
2937,,,,0.0,14182.41386705168,9837.40749152036,755,3,10.972,50158.0921787697
2938,,,,0.0,14191.41386705168,9846.40749152036,756,3,10.828,44549.686411448674
2939,,,,0.0,14201.41386705168,9856.40749152036,757,3,10.662,50661.27174448771
2940,,,,0.0,14214.41386705168,9869.40749152036,758,3,10.458,61242.517857915016
2941,,,,0.0,14222.41386705168,9877.40749152036,759,3,10.328,38431.52230326994
2942,,,,0.0,14234.41386705168,9889.40749152036,760,3,10.141,54485.10866215514
2943,,,,0.0,14243.41386705168,9898.40749152036,761,3,9.989,43581.428013849836
2944,,,,0.0,14253.41386705168,9908.40749152036,762,3,9.83,44915.65709954466
2945,,,,0.0,14262.41386705168,9917.40749152036,763,3,9.669,44774.552086976044
2946,,,,0.0,14272.41386705168,9927.40749152036,764,3,9.494,47862.896713504684
2947,,,,0.0,14280.41386705168,9935.40749152036,765,3,9.372,32868.543137927205
2948,,,,0.0,14285.41386705168,9940.40749152036,766,3,9.34,8553.87725696868
2953,,,,0.0,14305.41386705168,9960.40749152036,771,3,9.334,1602.835791319999
2954,,,,0.0,14311.41386705168,9966.40749152036,772,3,9.292,11195.704576883543
2958,,,,0.0,14327.41386705168,9982.40749152036,776,3,9.264,7444.065768076432
2959,,,,0.0,14331.41386705168,9986.40749152036,777,3,9.237,7158.9281747665245
2964,,,,0.0,14352.41386705168,10007.40749152036,782,3,9.215,5826.2762948464915
2978,,,,0.0,14415.41386705168,10070.40749152036,796,3,9.201,3716.639664858559
2984,,,,0.0,14440.41386705168,10095.40749152036,802,3,9.2,265.7180555679427
2985,,,,0.0,14444.41386705168,10099.40749152036,803,3,9.193,1859.732729796684
2995,,,,0.0,14492.41386705168,10147.40749152036,813,3,9.131,16464.657485390846
2996,,,,0.0,14496.41386705168,10151.40749152036,814,3,9.073,15305.777646076865
2997,,,,0.0,14499.41386705168,10154.40749152036,815,3,9.038,9190.960959116092
2998,,,,0.0,14501.41386705168,10156.40749152036,816,3,9.017,5498.283574762188
2999,,,,0.0,14506.41386705168,10161.40749152036,817,3,8.954,16423.770107101198
3005,,,,0.0,14533.41386705168,10188.40749152036,823,3,8.932,5718.782089373963
3006,,,,0.0,14535.41386705168,10190.40749152036,824,3,8.912,5187.398500873293
3007,,,,0.0,14544.41386705168,10199.40749152036,825,3,8.83,21159.853247997125
3008,,,,0.0,14548.41386705168,10203.40749152036,826,3,8.783,12043.33703169807
3009,,,,0.0,14558.41386705168,10213.40749152036,827,3,8.645,35013.917088746755
3010,,,,0.0,14560.41386705168,10215.40749152036,828,3,8.623,5531.442986437525
3011,,,,0.0,14564.41386705168,10219.40749152036,829,3,8.57,13271.516283659397
3012,,,,0.0,14575.41386705168,10230.40749152036,830,3,8.419,37390.877634288445
3013,,,,0.0,14585.41386705168,10240.40749152036,831,3,8.294,30470.752745004345
3014,,,,0.0,14588.41386705168,10243.40749152036,832,3,8.261,7969.86932177864
3015,,,,0.0,14596.41386705168,10251.40749152036,833,3,8.156,25161.079277815355
3016,,,,0.0,14602.41386705168,10257.40749152036,834,3,8.08,18018.444157454403
3017,,,,0.0,14607.41386705168,10262.40749152036,835,3,8.01,16452.330238460374
3018,,,,0.0,14614.41386705168,10269.40749152036,836,3,7.912,22803.68836393726
3019,,,,0.0,14620.41386705168,10275.40749152036,837,3,7.882,6927.444498486485
3027,,,,0.0,14653.41386705168,10308.40749152036,845,3,7.881,230.9817627862076
3028,,,,0.0,14656.41386705168,10311.40749152036,846,3,7.847,7837.5466282335765
3034,,,,0.0,14676.41386705168,10331.40749152036,852,3,7.834,2991.8309960402676
3035,,,,0.0,14682.41386705168,10337.40749152036,853,3,7.782,11922.58989728962
3085,,,,0.0,14891.41386705168,10546.40749152036,903,3,7.77,2779.095221524758
3091,,,,0.0,14919.41386705168,10574.40749152036,909,3,7.747,5324.604534425869
3137,,,,0.0,15124.41386705168,10779.40749152036,955,3,7.731,3745.5308453476177
3155,,,,0.0,15205.41386705168,10860.40749152036,973,3,7.73,235.09090379835575
3160,,,,0.0,15229.41386705168,10884.40749152036,978,3,7.701,6815.147476091949
3161,,,,0.0,15233.41386705168,10888.40749152036,979,3,7.682,4452.376504820086
3198,,,,0.0,15386.41386705168,11041.40749152036,1016,3,7.631,12016.21993285432
3199,,,,0.0,15388.41386705168,11043.40749152036,1017,3,7.61,4925.2311307024065
3200,,,,0.0,15394.41386705168,11049.40749152036,1018,3,7.555,12840.09574616127
3201,,,,0.0,15395.41386705168,11050.40749152036,1019,3,7.553,465.18782540678234
3206,,,,0.0,15423.41386705168,11078.40749152036,1024,3,7.456,22454.531816866023
3207,,,,0.0,15433.41386705168,11088.40749152036,1025,3,7.361,21724.304860470096
3208,,,,0.0,15443.41386705168,11098.40749152036,1026,3,7.254,24150.487822364797
3209,,,,0.0,15451.41386705168,11106.40749152036,1027,3,7.123,29100.992008824716
3210,,,,0.0,15457.41386705168,11112.40749152036,1028,3,7.068,12064.588810303305
3211,,,,0.0,15462.41386705168,11117.40749152036,1029,3,6.992,16522.516961776662
3212,,,,0.0,15470.41386705168,11125.40749152036,1030,3,6.887,22544.95677638517
3213,,,,0.0,15477.41386705168,11132.40749152036,1031,3,6.786,21373.890660223955
3214,,,,0.0,15484.41386705168,11139.40749152036,1032,3,6.694,19203.150701362734
3215,,,,0.0,15494.41386705168,11149.40749152036,1033,3,6.538,31983.44514905708
3216,,,,0.0,15501.41386705168,11156.40749152036,1034,3,6.411,25492.431636885565
3217,,,,0.0,15506.41386705168,11161.40749152036,1035,3,6.329,16199.24043863152
3218,,,,0.0,15513.41386705168,11168.40749152036,1036,3,6.232,18901.807183651417
3219,,,,0.0,15525.41386705168,11180.40749152036,1037,3,6.012,41820.49682539989
3220,,,,0.0,15533.41386705168,11188.40749152036,1038,3,5.861,27848.661649369158
3221,,,,0.0,15541.41386705168,11196.40749152036,1039,3,5.717,25911.14252439233
3222,,,,0.0,15548.41386705168,11203.40749152036,1040,3,5.589,22501.16699915331
3223,,,,0.0,15558.41386705168,11213.40749152036,1041,3,5.388,34327.726512743975
3224,,,,0.0,15568.41386705168,11223.40749152036,1042,3,5.183,33737.60911266369
3225,,,,0.0,15577.41386705168,11232.40749152036,1043,3,4.977,32602.90412718441
3226,,,,0.0,15586.41386705168,11241.40749152036,1044,3,4.791,28318.144861525107
3227,,,,0.0,15595.41386705168,11250.40749152036,1045,3,4.596,28546.859244152798
3228,,,,0.0,15604.41386705168,11259.40749152036,1046,3,4.408,26414.402782279427
3229,,,,0.0,15613.41386705168,11268.40749152036,1047,3,4.217,25721.14766923436
3230,,,,0.0,15620.41386705168,11275.40749152036,1048,3,4.071,18901.450558998138
3231,,,,0.0,15628.41386705168,11283.40749152036,1049,3,3.901,21180.25160918311
3232,,,,0.0,15639.41386705168,11294.40749152036,1050,3,3.653,29298.752823223655
3233,,,,0.0,15646.41386705168,11301.40749152036,1051,3,3.509,16136.58472067869
3234,,,,0.0,15656.41386705168,11311.40749152036,1052,3,3.29,23312.102776176464
3235,,,,0.0,15666.41386705168,11321.40749152036,1053,3,3.081,20860.441054120136
3236,,,,0.0,15677.41386705168,11332.40749152036,1054,3,2.85,21479.013320106682
3237,,,,0.0,15686.41386705168,11341.40749152036,1055,3,2.669,15669.770581938743
3238,,,,0.0,15695.41386705168,11350.40749152036,1056,3,2.49,14494.102585081399
3239,,,,0.0,15708.41386705168,11363.40749152036,1057,3,2.239,18645.557383499163
3240,,,,0.0,15718.41386705168,11373.40749152036,1058,3,2.044,13127.783485553548
3241,,,,0.0,15731.41386705168,11386.40749152036,1059,3,1.785,15601.016177507696
3242,,,,0.0,15740.41386705168,11395.40749152036,1060,3,1.623,8690.21953434376
3243,,,,0.0,15750.41386705168,11405.40749152036,1061,3,1.437,8964.505556571132
3244,,,,0.0,15760.41386705168,11415.40749152036,1062,3,1.246,8076.471367412238
3245,,,,0.0,15771.41386705168,11426.40749152036,1063,3,1.032,7688.438088876756
3246,,,,0.0,15780.41386705168,11435.40749152036,1064,3,0.844,5565.562605942725
3247,,,,0.0,15787.41386705168,11442.40749152036,1065,3,0.69,3729.555502296821
3248,,,,0.0,15794.41386705168,11449.40749152036,1066,3,0.542,2879.8902468627334
3249,,,,0.0,15801.41386705168,11456.40749152036,1067,3,0.438,1610.480101329908
3250,,,,0.0,15808.41386705168,11463.40749152036,1068,3,0.345,1151.1528893848367
3251,,,,0.0,15809.41386705168,11464.40749152036,1069,3,0.331,149.62029283777665
3252,,,,0.0,15816.41386705168,11471.40749152036,1070,3,0.208,1048.5807901439255
3253,,,,0.0,15826.41386705168,11481.40749152036,1071,3,2.2e-2,677.0539852324708
0,,,,0.0,15826.808631195909,11481.802255664588,3252,4,0.0,7.660175377498819
