fixIdx,time,lat,lng,tickLead,tickRace,zoneIdx,legIdx,distance,area
6,,,,-2292.270671803435,-2292.270671803435,1,0,119.505,0.0
7,,,,-2262.270671803435,-2262.270671803435,2,0,119.504,0.0
10,,,,-2172.270671803435,-2172.270671803435,5,0,119.473,0.0
11,,,,-2142.270671803435,-2142.270671803435,6,0,119.084,0.0
12,,,,-2131.270671803435,-2131.270671803435,7,0,118.943,0.0
13,,,,-2121.270671803435,-2121.270671803435,8,0,118.778,0.0
14,,,,-2111.270671803435,-2111.270671803435,9,0,118.619,0.0
15,,,,-2101.270671803435,-2101.270671803435,10,0,118.486,0.0
16,,,,-2091.270671803435,-2091.270671803435,11,0,118.392,0.0
17,,,,-2081.270671803435,-2081.270671803435,12,0,118.344,0.0
33,,,,-1921.270671803435,-1921.270671803435,28,0,118.329,0.0
34,,,,-1911.270671803435,-1911.270671803435,29,0,118.153,0.0
35,,,,-1901.270671803435,-1901.270671803435,30,0,117.983,0.0
36,,,,-1891.270671803435,-1891.270671803435,31,0,117.81,0.0
37,,,,-1881.270671803435,-1881.270671803435,32,0,117.647,0.0
38,,,,-1871.270671803435,-1871.270671803435,33,0,117.518,0.0
39,,,,-1861.270671803435,-1861.270671803435,34,0,117.484,0.0
231,,,,46.729328196565,46.729328196565,226,0,117.411,0.0
232,,,,56.729328196565,56.729328196565,227,0,117.205,0.0
233,,,,66.729328196565,66.729328196565,228,0,117.0,0.0
234,,,,76.729328196565,76.729328196565,229,0,116.79,0.0
235,,,,86.729328196565,86.729328196565,230,0,116.591,0.0
236,,,,96.729328196565,96.729328196565,231,0,116.388,0.0
237,,,,106.729328196565,106.729328196565,232,0,116.176,0.0
238,,,,116.729328196565,116.729328196565,233,0,116.002,0.0
239,,,,126.729328196565,126.729328196565,234,0,115.818,0.0
240,,,,136.729328196565,136.729328196565,235,0,115.634,0.0
241,,,,146.729328196565,146.729328196565,1,1,115.481,5188.436348981012
242,,,,156.729328196565,156.729328196565,2,1,115.367,4124.594322928995
243,,,,166.729328196565,166.729328196565,3,1,115.264,3960.6540242044366
244,,,,176.729328196565,176.729328196565,4,1,115.176,3583.8445622859967
245,,,,186.729328196565,186.729328196565,5,1,115.115,2623.127106902927
246,,,,196.729328196565,196.729328196565,6,1,115.048,3033.7474285019875
247,,,,206.729328196565,206.729328196565,7,1,114.954,4469.526940723831
248,,,,216.729328196565,216.729328196565,8,1,114.911,2142.194942113456
249,,,,226.729328196565,226.729328196565,9,1,114.896,781.5598008730499
250,,,,236.729328196565,236.729328196565,10,1,114.874,1196.6525502742472
251,,,,246.729328196565,246.729328196565,11,1,114.835,2210.361942777569
252,,,,256.729328196565,256.729328196565,12,1,114.8,2063.391374814436
253,,,,266.729328196565,266.729328196565,13,1,114.746,3306.2391199913955
254,,,,276.729328196565,276.729328196565,14,1,114.665,5142.264904782369
255,,,,286.729328196565,286.729328196565,15,1,114.584,5324.325352538683
256,,,,296.729328196565,296.729328196565,16,1,114.537,3195.385259068882
257,,,,306.729328196565,306.729328196565,17,1,114.455,5759.562110436352
258,,,,316.729328196565,316.729328196565,18,1,114.299,11302.683715794616
259,,,,326.729328196565,326.729328196565,19,1,114.132,12464.062897268133
260,,,,336.729328196565,336.729328196565,20,1,113.936,15052.248146934144
261,,,,346.729328196565,346.729328196565,21,1,113.738,15630.368107429891
262,,,,356.729328196565,356.729328196565,22,1,113.576,13136.510422567682
263,,,,366.729328196565,366.729328196565,23,1,113.424,12653.628740093181
264,,,,376.729328196565,376.729328196565,24,1,113.248,15029.3422894512
265,,,,386.729328196565,386.729328196565,25,1,113.06,16453.748871435757
266,,,,396.729328196565,396.729328196565,26,1,112.865,17478.059327198407
267,,,,406.729328196565,406.729328196565,27,1,112.675,17429.40920947591
268,,,,416.729328196565,416.729328196565,28,1,112.495,16890.289709403005
269,,,,426.729328196565,426.729328196565,29,1,112.327,16117.607692000378
270,,,,436.729328196565,436.729328196565,30,1,112.159,16470.65615488096
271,,,,446.729328196565,446.729328196565,31,1,111.981,17823.124268713247
272,,,,456.729328196565,456.729328196565,32,1,111.801,18397.40445404631
273,,,,466.729328196565,466.729328196565,33,1,111.615,19395.112723436396
274,,,,476.729328196565,476.729328196565,34,1,111.452,17333.840711609824
275,,,,486.729328196565,486.729328196565,35,1,111.272,19513.13452078451
276,,,,496.729328196565,496.729328196565,36,1,111.099,19109.26815718912
277,,,,506.729328196565,506.729328196565,37,1,110.939,18002.106651858638
278,,,,516.729328196565,516.729328196565,38,1,110.757,20849.342176182174
279,,,,526.729328196565,526.729328196565,39,1,110.57,21800.35191807071
280,,,,536.729328196565,536.729328196565,40,1,110.363,24546.312677954746
281,,,,546.729328196565,546.729328196565,41,1,110.16,24474.97750330425
282,,,,556.729328196565,556.729328196565,42,1,110.1,7357.512109714803
284,,,,576.729328196565,576.729328196565,44,1,110.043,7236.886696337526
286,,,,596.729328196565,596.729328196565,46,1,109.988,7221.442294683908
287,,,,607.729328196565,607.729328196565,47,1,109.98,1069.4480389173434
289,,,,627.729328196565,627.729328196565,49,1,109.975,690.3610219187116
292,,,,657.729328196565,657.729328196565,52,1,109.947,4050.1761808368424
295,,,,687.729328196565,687.729328196565,55,1,109.932,2268.258554318074
298,,,,717.729328196565,717.729328196565,58,1,109.873,9307.869204070117
299,,,,727.729328196565,727.729328196565,59,1,109.783,14386.510198291568
300,,,,737.729328196565,737.729328196565,60,1,109.722,9878.051847334149
301,,,,747.729328196565,747.729328196565,61,1,109.635,14269.71061533182
302,,,,757.729328196565,757.729328196565,62,1,109.542,15445.14620985147
303,,,,767.729328196565,767.729328196565,63,1,109.418,20844.64969903726
304,,,,777.729328196565,777.729328196565,64,1,109.284,22792.18857772291
305,,,,787.729328196565,787.729328196565,65,1,109.123,27699.34150073201
306,,,,797.729328196565,797.729328196565,66,1,108.999,21576.287249088145
310,,,,837.729328196565,837.729328196565,70,1,108.926,13327.037960847034
311,,,,847.729328196565,847.729328196565,71,1,108.912,2585.34725953879
313,,,,867.729328196565,867.729328196565,73,1,108.848,12093.231264518728
341,,,,1147.729328196565,1147.729328196565,101,1,108.756,22977.045331425135
342,,,,1157.729328196565,1157.729328196565,102,1,108.58,44284.46198403592
343,,,,1167.729328196565,1167.729328196565,103,1,108.388,48645.10020098749
344,,,,1177.729328196565,1177.729328196565,104,1,108.185,51778.06788049023
345,,,,1187.729328196565,1187.729328196565,105,1,107.985,51350.28977525102
346,,,,1197.729328196565,1197.729328196565,106,1,107.792,49879.39116130159
347,,,,1207.729328196565,1207.729328196565,107,1,107.6,49945.96520811348
348,,,,1217.729328196565,1217.729328196565,108,1,107.413,48961.76794013911
349,,,,1227.729328196565,1227.729328196565,109,1,107.225,49541.265098546035
350,,,,1237.729328196565,1237.729328196565,110,1,107.045,47737.48736748007
351,,,,1247.729328196565,1247.729328196565,111,1,106.843,53908.6147709595
352,,,,1257.729328196565,1257.729328196565,112,1,106.643,53701.520671875136
353,,,,1267.729328196565,1267.729328196565,113,1,106.443,54027.07432561941
354,,,,1277.729328196565,1277.729328196565,114,1,106.247,53265.00915956841
355,,,,1287.729328196565,1287.729328196565,115,1,106.041,56314.11362658447
356,,,,1297.729328196565,1297.729328196565,116,1,105.848,53070.0919370921
357,,,,1307.729328196565,1307.729328196565,117,1,105.645,56144.84655808086
358,,,,1317.729328196565,1317.729328196565,118,1,105.447,55076.09963083665
359,,,,1327.729328196565,1327.729328196565,119,1,105.248,55669.44023007013
360,,,,1337.729328196565,1337.729328196565,120,1,105.061,52609.928732049615
361,,,,1347.729328196565,1347.729328196565,121,1,104.864,55735.64960666856
362,,,,1357.729328196565,1357.729328196565,122,1,104.686,50643.16816879828
363,,,,1367.729328196565,1367.729328196565,123,1,104.528,45211.40353975231
364,,,,1377.729328196565,1377.729328196565,124,1,104.39,39720.87889876896
365,,,,1387.729328196565,1387.729328196565,125,1,104.247,41403.030790113575
366,,,,1397.729328196565,1397.729328196565,126,1,104.094,44554.261872769166
367,,,,1407.729328196565,1407.729328196565,127,1,103.932,47440.77679883945
368,,,,1417.729328196565,1417.729328196565,128,1,103.801,38580.70081598774
369,,,,1427.729328196565,1427.729328196565,129,1,103.665,40283.919821292206
370,,,,1437.729328196565,1437.729328196565,130,1,103.52,43192.01287505182
371,,,,1447.729328196565,1447.729328196565,131,1,103.373,44030.18439308748
372,,,,1457.729328196565,1457.729328196565,132,1,103.219,46377.90347510403
373,,,,1467.729328196565,1467.729328196565,133,1,103.074,43903.431513738615
374,,,,1477.729328196565,1477.729328196565,134,1,102.909,50223.87483463323
375,,,,1487.729328196565,1487.729328196565,135,1,102.76,45590.99067692832
376,,,,1497.729328196565,1497.729328196565,136,1,102.608,46753.02285430728
377,,,,1507.729328196565,1507.729328196565,137,1,102.506,31544.152129219638
383,,,,1567.729328196565,1567.729328196565,143,1,102.439,21526.985240207752
405,,,,1788.729328196565,1788.729328196565,165,1,102.422,6229.494941361
427,,,,2008.729328196565,2008.729328196565,187,1,102.342,32905.23617270661
432,,,,2058.729328196565,2058.729328196565,192,1,102.337,2106.8933008278073
440,,,,2138.729328196565,2138.729328196565,200,1,102.32,7441.000778056743
447,,,,2208.729328196565,2208.729328196565,207,1,102.276,19883.476167793604
448,,,,2218.729328196565,2218.729328196565,208,1,102.117,72105.34622891109
449,,,,2228.729328196565,2228.729328196565,209,1,101.976,64136.39572392907
450,,,,2238.729328196565,2238.729328196565,210,1,101.797,81658.47385963409
451,,,,2248.729328196565,2248.729328196565,211,1,101.579,99699.591535586
452,,,,2258.729328196565,2258.729328196565,212,1,101.421,72446.48447257068
453,,,,2268.729328196565,2268.729328196565,213,1,101.266,71275.50090834798
454,,,,2278.729328196565,2278.729328196565,214,1,101.039,104646.62244016476
455,,,,2288.729328196565,2288.729328196565,215,1,100.818,102101.12395639374
456,,,,2298.729328196565,2298.729328196565,216,1,100.614,94459.67979160426
457,,,,2308.729328196565,2308.729328196565,217,1,100.411,94214.79957974641
458,,,,2318.729328196565,2318.729328196565,218,1,100.187,104189.67233417844
459,,,,2328.729328196565,2328.729328196565,219,1,99.997,88573.12684878215
460,,,,2338.729328196565,2338.729328196565,220,1,99.811,86917.21030714031
461,,,,2348.729328196565,2348.729328196565,221,1,99.612,93209.73911457752
462,,,,2358.729328196565,2358.729328196565,222,1,99.41,94826.68372797917
463,,,,2368.729328196565,2368.729328196565,223,1,99.218,90335.22604819397
464,,,,2378.729328196565,2378.729328196565,224,1,99.022,92425.6231962497
465,,,,2388.729328196565,2388.729328196565,225,1,98.818,96407.58689924696
466,,,,2398.729328196565,2398.729328196565,226,1,98.609,98976.95243127491
467,,,,2408.729328196565,2408.729328196565,227,1,98.393,102497.29094448715
468,,,,2418.729328196565,2418.729328196565,228,1,98.201,91297.47332111876
469,,,,2428.729328196565,2428.729328196565,229,1,98.039,77211.44262517376
470,,,,2438.729328196565,2438.729328196565,230,1,97.872,79788.24153652573
471,,,,2448.729328196565,2448.729328196565,231,1,97.719,73279.26095879081
476,,,,2498.729328196565,2498.729328196565,236,1,97.575,70270.1057405938
477,,,,2508.729328196565,2508.729328196565,237,1,97.398,86576.80354524827
478,,,,2518.729328196565,2518.729328196565,238,1,97.213,90681.90015858853
479,,,,2528.729328196565,2528.729328196565,239,1,97.041,84489.11535015177
480,,,,2538.729328196565,2538.729328196565,240,1,96.879,79754.28339446425
482,,,,2558.729328196565,2558.729328196565,242,1,96.818,30232.709875708584
483,,,,2568.729328196565,2568.729328196565,243,1,96.705,56173.22725320575
485,,,,2588.729328196565,2588.729328196565,245,1,96.679,13016.0896425012
488,,,,2618.729328196565,2618.729328196565,248,1,96.654,12657.16993020854
490,,,,2638.729328196565,2638.729328196565,250,1,96.625,14790.318008908756
511,,,,2849.729328196565,2849.729328196565,271,1,96.551,40736.949140072706
512,,,,2859.729328196565,2859.729328196565,272,1,96.375,97102.04070541155
513,,,,2869.729328196565,2869.729328196565,273,1,96.192,101128.57566034133
514,,,,2879.729328196565,2879.729328196565,274,1,96.02,95205.18778458508
515,,,,2889.729328196565,2889.729328196565,275,1,95.815,113642.0012632896
516,,,,2899.729328196565,2899.729328196565,276,1,95.606,116009.43933613913
517,,,,2909.729328196565,2909.729328196565,277,1,95.381,125037.10692095924
518,,,,2919.729328196565,2919.729328196565,278,1,95.148,129616.29443706972
519,,,,2929.729328196565,2929.729328196565,279,1,94.924,124736.53088264514
520,,,,2939.729328196565,2939.729328196565,280,1,94.691,129878.10893987834
521,,,,2949.729328196565,2949.729328196565,281,1,94.463,127213.30710682283
522,,,,2959.729328196565,2959.729328196565,282,1,94.241,123989.83341885377
523,,,,2969.729328196565,2969.729328196565,283,1,94.016,125791.27518111448
524,,,,2979.729328196565,2979.729328196565,284,1,93.785,129266.71008743746
525,,,,2989.729328196565,2989.729328196565,285,1,93.565,123227.67372027718
526,,,,2999.729328196565,2999.729328196565,286,1,93.351,119989.2451213657
527,,,,3009.729328196565,3009.729328196565,287,1,93.139,118992.29755206185
528,,,,3019.729328196565,3019.729328196565,288,1,92.932,116309.99955615707
529,,,,3029.729328196565,3029.729328196565,289,1,92.749,102949.06036416645
530,,,,3039.729328196565,3039.729328196565,290,1,92.544,115464.31611395188
531,,,,3049.729328196565,3049.729328196565,291,1,92.364,101505.48311126651
532,,,,3059.729328196565,3059.729328196565,292,1,92.194,95998.57931006224
533,,,,3069.729328196565,3069.729328196565,293,1,91.987,117034.86420109474
534,,,,3079.729328196565,3079.729328196565,294,1,91.788,112629.47420057432
535,,,,3089.729328196565,3089.729328196565,295,1,91.588,113316.44105747626
536,,,,3099.729328196565,3099.729328196565,296,1,91.407,102669.52928281132
537,,,,3109.729328196565,3109.729328196565,297,1,91.226,102796.99454776922
538,,,,3119.729328196565,3119.729328196565,298,1,91.034,109171.55853256039
539,,,,3129.729328196565,3129.729328196565,299,1,90.857,100760.71871059906
540,,,,3139.729328196565,3139.729328196565,300,1,90.682,99747.08143950671
542,,,,3159.729328196565,3159.729328196565,302,1,90.634,27499.655177822882
544,,,,3179.729328196565,3179.729328196565,304,1,90.615,10950.13245912283
547,,,,3209.729328196565,3209.729328196565,307,1,90.544,41284.466231038874
548,,,,3219.729328196565,3219.729328196565,308,1,90.403,82146.65114762976
551,,,,3249.729328196565,3249.729328196565,311,1,90.337,38765.50119936578
561,,,,3349.729328196565,3349.729328196565,321,1,90.137,120907.8101553911
562,,,,3359.729328196565,3359.729328196565,322,1,89.887,151207.9781448146
563,,,,3369.729328196565,3369.729328196565,323,1,89.677,127067.2361885367
564,,,,3379.729328196565,3379.729328196565,324,1,89.502,105975.89122697004
565,,,,3389.729328196565,3389.729328196565,325,1,89.301,121824.84838697161
566,,,,3399.729328196565,3399.729328196565,326,1,89.096,124332.8101572669
567,,,,3409.729328196565,3409.729328196565,327,1,88.938,95913.54469215202
568,,,,3419.729328196565,3419.729328196565,328,1,88.781,95416.88760700701
569,,,,3429.729328196565,3429.729328196565,329,1,88.573,126521.45277678617
570,,,,3439.729328196565,3439.729328196565,330,1,88.335,144826.72136623802
571,,,,3449.729328196565,3449.729328196565,331,1,88.107,138778.38840464668
572,,,,3459.729328196565,3459.729328196565,332,1,87.878,139429.0466733915
573,,,,3469.729328196565,3469.729328196565,333,1,87.642,143725.62643767698
574,,,,3479.729328196565,3479.729328196565,334,1,87.419,135843.77179092178
575,,,,3489.729328196565,3489.729328196565,335,1,87.244,106667.15388888767
576,,,,3499.729328196565,3499.729328196565,336,1,87.051,117727.1673887966
577,,,,3509.729328196565,3509.729328196565,337,1,86.855,119631.1457556717
578,,,,3519.729328196565,3519.729328196565,338,1,86.647,127021.4562033572
579,,,,3529.729328196565,3529.729328196565,339,1,86.437,128297.33091873546
580,,,,3539.729328196565,3539.729328196565,340,1,86.229,127127.70806993575
581,,,,3549.729328196565,3549.729328196565,341,1,86.022,126568.99628781172
582,,,,3559.729328196565,3559.729328196565,342,1,85.818,124787.59310249347
583,,,,3569.729328196565,3569.729328196565,343,1,85.604,130953.05015219504
584,,,,3579.729328196565,3579.729328196565,344,1,85.386,133437.34608657824
585,,,,3589.729328196565,3589.729328196565,345,1,85.161,137748.95274058293
586,,,,3599.729328196565,3599.729328196565,346,1,84.944,132876.03474991347
587,,,,3609.729328196565,3609.729328196565,347,1,84.738,126176.25492461408
588,,,,3619.729328196565,3619.729328196565,348,1,84.545,118262.4174939628
589,,,,3629.729328196565,3629.729328196565,349,1,84.384,98719.81385495055
590,,,,3639.729328196565,3639.729328196565,350,1,84.242,87152.92567289679
591,,,,3649.729328196565,3649.729328196565,351,1,84.08,99521.41787687753
592,,,,3659.729328196565,3659.729328196565,352,1,83.922,97145.0117621181
593,,,,3669.729328196565,3669.729328196565,353,1,83.741,111365.28693196752
594,,,,3679.729328196565,3679.729328196565,354,1,83.586,95436.30074136842
595,,,,3689.729328196565,3689.729328196565,355,1,83.422,101059.14776552703
596,,,,3699.729328196565,3699.729328196565,356,1,83.255,102982.18413438273
597,,,,3709.729328196565,3709.729328196565,357,1,83.103,93805.7590401795
598,,,,3719.729328196565,3719.729328196565,358,1,82.931,106227.46475577778
599,,,,3729.729328196565,3729.729328196565,359,1,82.751,111230.82261976282
600,,,,3739.729328196565,3739.729328196565,360,1,82.586,102022.07860944972
601,,,,3749.729328196565,3749.729328196565,361,1,82.416,105181.18256388628
602,,,,3759.729328196565,3759.729328196565,362,1,82.256,99059.54366924345
604,,,,3779.729328196565,3779.729328196565,364,1,82.253,1865.3984761569368
605,,,,3789.729328196565,3789.729328196565,365,1,82.249,2493.6722157910126
607,,,,3809.729328196565,3809.729328196565,367,1,82.184,40718.939470516045
617,,,,3909.729328196565,3909.729328196565,377,1,82.155,18633.109233926025
619,,,,3929.729328196565,3929.729328196565,379,1,82.15,3228.370886343747
626,,,,4000.729328196565,4000.729328196565,386,1,81.998,99820.18110025176
627,,,,4010.729328196565,4010.729328196565,387,1,81.816,119576.47777879439
628,,,,4020.729328196565,4020.729328196565,388,1,81.598,143235.47481146746
629,,,,4030.729328196565,4030.729328196565,389,1,81.366,152392.39562373175
630,,,,4040.729328196565,4040.729328196565,390,1,81.152,140531.92727740685
631,,,,4050.729328196565,4050.729328196565,391,1,80.949,133295.3367904902
632,,,,4060.729328196565,4060.729328196565,392,1,80.754,128043.2623386825
633,,,,4070.729328196565,4070.729328196565,393,1,80.583,112305.83305357987
634,,,,4080.729328196565,4080.729328196565,394,1,80.386,129403.57108840493
635,,,,4090.729328196565,4090.729328196565,395,1,80.184,132683.37846216033
636,,,,4100.729328196565,4100.729328196565,396,1,80.004,118239.77333252238
637,,,,4110.729328196565,4110.729328196565,397,1,79.831,113667.64703580874
638,,,,4120.729328196565,4120.729328196565,398,1,79.654,116323.42949261937
639,,,,4130.729328196565,4130.729328196565,399,1,79.463,125538.42837630032
640,,,,4140.729328196565,4140.729328196565,400,1,79.277,122257.68348176891
641,,,,4150.729328196565,4150.729328196565,401,1,79.104,113729.62247913552
642,,,,4160.729328196565,4160.729328196565,402,1,78.927,116381.78631416401
643,,,,4170.729328196565,4170.729328196565,403,1,78.751,115743.2775860038
644,,,,4180.729328196565,4180.729328196565,404,1,78.585,109191.35211047562
645,,,,4190.729328196565,4190.729328196565,405,1,78.438,96732.01102130147
646,,,,4200.729328196565,4200.729328196565,406,1,78.309,84940.2718808839
647,,,,4210.729328196565,4210.729328196565,407,1,78.157,100143.06820997244
648,,,,4219.729328196565,4219.729328196565,1,2,78.052,69211.76835596026
651,,,,4240.729328196565,4240.729328196565,4,2,77.847,135530.7196149941
652,,,,4250.729328196565,4250.729328196565,5,2,77.589,170464.82187524787
653,,,,4260.729328196565,4260.729328196565,6,2,77.378,139317.48522035545
654,,,,4270.729328196565,4270.729328196565,7,2,77.151,149808.9978450159
655,,,,4280.729328196565,4280.729328196565,8,2,76.915,155645.50334398536
656,,,,4290.729328196565,4290.729328196565,9,2,76.676,157505.16057104507
657,,,,4300.729328196565,4300.729328196565,10,2,76.428,163297.79803992636
658,,,,4310.729328196565,4310.729328196565,11,2,76.184,160520.04191327497
659,,,,4320.729328196565,4320.729328196565,12,2,75.942,159065.45528706073
660,,,,4330.729328196565,4330.729328196565,13,2,75.708,153680.6940133126
661,,,,4340.729328196565,4340.729328196565,14,2,75.523,121443.774851013
662,,,,4350.729328196565,4350.729328196565,15,2,75.351,112902.85310591856
663,,,,4360.729328196565,4360.729328196565,16,2,75.152,130604.26637023069
664,,,,4370.729328196565,4370.729328196565,17,2,74.931,144969.84951778562
665,,,,4380.729328196565,4380.729328196565,18,2,74.716,140946.04538197798
666,,,,4390.729328196565,4390.729328196565,19,2,74.473,159176.78981186583
667,,,,4400.729328196565,4400.729328196565,20,2,74.245,149218.62744460432
668,,,,4410.729328196565,4410.729328196565,21,2,74.014,151057.90379736657
669,,,,4420.729328196565,4420.729328196565,22,2,73.773,157451.64437951054
670,,,,4430.729328196565,4430.729328196565,23,2,73.538,153383.3644955012
671,,,,4440.729328196565,4440.729328196565,24,2,73.301,154541.12415606072
672,,,,4450.729328196565,4450.729328196565,25,2,73.071,149836.29524216373
673,,,,4460.729328196565,4460.729328196565,26,2,72.859,138002.29694311178
674,,,,4470.729328196565,4470.729328196565,27,2,72.664,126865.81908528956
675,,,,4480.729328196565,4480.729328196565,28,2,72.506,102773.86129873947
677,,,,4500.729328196565,4500.729328196565,30,2,72.461,29360.575283431328
678,,,,4510.729328196565,4510.729328196565,31,2,72.338,80337.33880720777
680,,,,4530.729328196565,4530.729328196565,33,2,72.294,28832.691544609912
683,,,,4560.729328196565,4560.729328196565,36,2,72.178,76432.13175037262
685,,,,4580.729328196565,4580.729328196565,38,2,72.148,19833.550230639674
686,,,,4590.729328196565,4590.729328196565,39,2,72.125,15233.32072443621
687,,,,4600.729328196565,4600.729328196565,40,2,72.093,21232.25543212093
688,,,,4610.729328196565,4610.729328196565,41,2,71.952,93645.50335729402
690,,,,4630.729328196565,4630.729328196565,43,2,71.874,51949.5035558635
691,,,,4640.729328196565,4640.729328196565,44,2,71.686,125249.9432429011
692,,,,4650.729328196565,4650.729328196565,45,2,71.487,132505.91515107965
693,,,,4660.729328196565,4660.729328196565,46,2,71.3,124446.92145543135
694,,,,4670.729328196565,4670.729328196565,47,2,71.103,131029.79609906736
695,,,,4680.729328196565,4680.729328196565,48,2,70.899,135593.27691675967
696,,,,4690.729328196565,4690.729328196565,49,2,70.711,124879.78587119372
697,,,,4700.729328196565,4700.729328196565,50,2,70.523,124813.72751644214
698,,,,4710.729328196565,4710.729328196565,51,2,70.469,35865.45806982022
700,,,,4730.729328196565,4730.729328196565,53,2,70.407,41319.6659400176
704,,,,4770.729328196565,4770.729328196565,57,2,70.359,32234.711261421267
706,,,,4790.729328196565,4790.729328196565,59,2,70.259,67366.27766723062
707,,,,4800.729328196565,4800.729328196565,60,2,70.212,31695.07272466969
710,,,,4830.729328196565,4830.729328196565,63,2,70.201,7461.269168767416
713,,,,4860.729328196565,4860.729328196565,66,2,70.192,6141.711353161735
715,,,,4880.729328196565,4880.729328196565,68,2,70.151,28084.02404038853
716,,,,4890.729328196565,4890.729328196565,69,2,70.082,47323.07356579002
719,,,,4920.729328196565,4920.729328196565,72,2,69.947,93021.0489582287
720,,,,4930.729328196565,4930.729328196565,73,2,69.751,135007.35303531773
721,,,,4940.729328196565,4940.729328196565,74,2,69.545,141774.10949509867
722,,,,4950.729328196565,4950.729328196565,75,2,69.325,151251.71199746375
723,,,,4960.729328196565,4960.729328196565,76,2,69.112,146277.42751961324
724,,,,4970.729328196565,4970.729328196565,77,2,68.897,147491.15752883474
725,,,,4980.729328196565,4980.729328196565,78,2,68.791,72693.38593252323
727,,,,5000.729328196565,5000.729328196565,80,2,68.726,44699.544176662894
728,,,,5010.729328196565,5010.729328196565,81,2,68.587,95637.32039772614
729,,,,5020.729328196565,5020.729328196565,82,2,68.439,101819.62762497556
730,,,,5030.729328196565,5030.729328196565,83,2,68.417,15146.680844666771
734,,,,5071.729328196565,5071.729328196565,87,2,68.4,11796.27945542694
735,,,,5081.729328196565,5081.729328196565,88,2,68.376,16681.406654242553
738,,,,5111.729328196565,5111.729328196565,91,2,68.215,112412.81152750018
739,,,,5121.729328196565,5121.729328196565,92,2,68.034,126307.32036197731
740,,,,5131.729328196565,5131.729328196565,93,2,67.813,154065.7375245042
741,,,,5141.729328196565,5141.729328196565,94,2,67.572,167763.23904859173
742,,,,5151.729328196565,5151.729328196565,95,2,67.327,170265.96798787834
743,,,,5161.729328196565,5161.729328196565,96,2,67.087,166514.0846208476
744,,,,5171.729328196565,5171.729328196565,97,2,66.854,161400.63732188128
745,,,,5181.729328196565,5181.729328196565,98,2,66.622,160459.66888400415
746,,,,5191.729328196565,5191.729328196565,99,2,66.404,150558.42686356584
747,,,,5201.729328196565,5201.729328196565,100,2,66.203,138646.929925852
748,,,,5211.729328196565,5211.729328196565,101,2,66.03,119225.13053618828
749,,,,5221.729328196565,5221.729328196565,102,2,65.861,116390.14837745215
750,,,,5231.729328196565,5231.729328196565,103,2,65.705,107377.56132379151
751,,,,5241.729328196565,5241.729328196565,104,2,65.556,102517.16036891361
752,,,,5251.729328196565,5251.729328196565,105,2,65.419,94234.79908019499
753,,,,5261.729328196565,5261.729328196565,106,2,65.266,105207.25188006554
754,,,,5271.729328196565,5271.729328196565,107,2,65.117,102414.23886474028
755,,,,5281.729328196565,5281.729328196565,108,2,64.986,90019.11683301302
756,,,,5291.729328196565,5291.729328196565,109,2,64.846,96185.0122993787
757,,,,5301.729328196565,5301.729328196565,110,2,64.721,85866.14548330555
758,,,,5311.729328196565,5311.729328196565,111,2,64.6,83117.09596266306
759,,,,5321.729328196565,5321.729328196565,112,2,64.497,70762.98698146195
760,,,,5331.729328196565,5331.729328196565,113,2,64.361,93436.89297709144
761,,,,5341.729328196565,5341.729328196565,114,2,64.216,99589.41211557883
762,,,,5351.729328196565,5351.729328196565,115,2,64.038,122175.76340001507
763,,,,5361.729328196565,5361.729328196565,116,2,63.85,128911.75798098439
764,,,,5371.729328196565,5371.729328196565,117,2,63.652,135611.43409513653
765,,,,5381.729328196565,5381.729328196565,118,2,63.451,137490.8225031557
766,,,,5391.729328196565,5391.729328196565,119,2,63.237,146176.4246979403
767,,,,5401.729328196565,5401.729328196565,120,2,63.022,146633.64279848788
768,,,,5411.729328196565,5411.729328196565,121,2,62.823,135526.77638407113
769,,,,5421.729328196565,5421.729328196565,122,2,62.611,144174.66966923993
770,,,,5431.729328196565,5431.729328196565,123,2,62.391,149374.94648630917
771,,,,5441.729328196565,5441.729328196565,124,2,62.171,149123.19148733973
772,,,,5451.729328196565,5451.729328196565,125,2,61.953,147518.51834700693
773,,,,5461.729328196565,5461.729328196565,126,2,61.752,135804.28853545611
774,,,,5471.729328196565,5471.729328196565,127,2,61.561,128874.45350175117
775,,,,5481.729328196565,5481.729328196565,128,2,61.357,137455.85393490657
776,,,,5491.729328196565,5491.729328196565,129,2,61.135,149337.82576901958
777,,,,5501.729328196565,5501.729328196565,130,2,60.926,140353.23595755856
778,,,,5511.729328196565,5511.729328196565,131,2,60.727,133433.1631846597
779,,,,5521.729328196565,5521.729328196565,132,2,60.512,143931.52253456053
780,,,,5531.729328196565,5531.729328196565,133,2,60.291,147683.13906554508
781,,,,5541.729328196565,5541.729328196565,134,2,60.073,145411.3865312708
782,,,,5551.729328196565,5551.729328196565,135,2,59.851,147804.40052593203
783,,,,5561.729328196565,5561.729328196565,136,2,59.636,142879.1857312155
784,,,,5571.729328196565,5571.729328196565,137,2,59.412,148579.92420614688
785,,,,5581.729328196565,5581.729328196565,138,2,59.187,148947.1912338274
786,,,,5591.729328196565,5591.729328196565,139,2,58.971,142712.83165558745
787,,,,5601.729328196565,5601.729328196565,140,2,58.758,140470.51631287692
788,,,,5611.729328196565,5611.729328196565,141,2,58.544,140869.15376241205
789,,,,5621.729328196565,5621.729328196565,142,2,58.327,142572.71684449754
790,,,,5631.729328196565,5631.729328196565,143,2,58.114,139677.77347206685
791,,,,5641.729328196565,5641.729328196565,144,2,57.892,145293.3284431793
792,,,,5651.729328196565,5651.729328196565,145,2,57.673,143038.11985905567
793,,,,5661.729328196565,5661.729328196565,146,2,57.451,144699.80583380576
794,,,,5671.729328196565,5671.729328196565,147,2,57.225,146992.93853150026
795,,,,5681.729328196565,5681.729328196565,148,2,57.023,131123.49488213466
796,,,,5691.729328196565,5691.729328196565,149,2,56.824,128949.27545661503
797,,,,5701.729328196565,5701.729328196565,150,2,56.617,133889.6444810294
798,,,,5711.729328196565,5711.729328196565,151,2,56.41,133634.9835710616
799,,,,5721.729328196565,5721.729328196565,152,2,56.205,132092.2724004444
800,,,,5731.729328196565,5731.729328196565,153,2,55.981,144036.43215652325
801,,,,5741.729328196565,5741.729328196565,154,2,55.753,146272.575724532
802,,,,5751.729328196565,5751.729328196565,155,2,55.518,150400.15840827324
803,,,,5761.729328196565,5761.729328196565,156,2,55.286,148114.05630370576
804,,,,5771.729328196565,5771.729328196565,157,2,55.094,122320.02878329679
805,,,,5781.729328196565,5781.729328196565,158,2,55.014,50929.17222952431
806,,,,5791.729328196565,5791.729328196565,159,2,54.955,37577.73026705737
807,,,,5801.729328196565,5801.729328196565,160,2,54.876,50339.5689737678
808,,,,5811.729328196565,5811.729328196565,161,2,54.85,16580.14311890571
809,,,,5821.729328196565,5821.729328196565,162,2,54.772,49778.78976841587
811,,,,5841.729328196565,5841.729328196565,164,2,54.736,23029.77942979825
813,,,,5861.729328196565,5861.729328196565,166,2,54.629,68594.2789936688
815,,,,5881.729328196565,5881.729328196565,168,2,54.538,58430.25784698302
817,,,,5901.729328196565,5901.729328196565,170,2,54.469,44389.75681262899
818,,,,5911.729328196565,5911.729328196565,171,2,54.466,1931.9827031013517
826,,,,5991.729328196565,5991.729328196565,179,2,54.437,18923.001671831385
829,,,,6021.729328196565,6021.729328196565,182,2,54.419,11799.024619503421
831,,,,6041.729328196565,6041.729328196565,184,2,54.357,40746.09926304082
834,,,,6071.729328196565,6071.729328196565,187,2,54.268,58699.20224650542
837,,,,6101.729328196565,6101.729328196565,190,2,54.165,68147.76807316784
841,,,,6142.729328196565,6142.729328196565,194,2,54.087,51867.093348400136
845,,,,6182.729328196565,6182.729328196565,198,2,53.977,73494.35083345007
849,,,,6222.729328196565,6222.729328196565,202,2,53.797,120716.71751106999
850,,,,6232.729328196565,6232.729328196565,203,2,53.633,109811.46632341397
851,,,,6242.729328196565,6242.729328196565,204,2,53.441,128339.32801676537
852,,,,6252.729328196565,6252.729328196565,205,2,53.207,156040.81211008187
853,,,,6262.729328196565,6262.729328196565,206,2,52.963,162239.0093570094
854,,,,6272.729328196565,6272.729328196565,207,2,52.717,163073.90070933948
855,,,,6282.729328196565,6282.729328196565,208,2,52.452,175098.31559003307
856,,,,6292.729328196565,6292.729328196565,209,2,52.216,155440.78482438612
857,,,,6302.729328196565,6302.729328196565,210,2,52.012,134011.85797353182
858,,,,6312.729328196565,6312.729328196565,211,2,51.866,95740.03978454333
859,,,,6322.729328196565,6322.729328196565,212,2,51.708,103469.51805530452
860,,,,6332.729328196565,6332.729328196565,213,2,51.502,134641.80475640987
861,,,,6342.729328196565,6342.729328196565,214,2,51.271,150579.9652079993
862,,,,6352.729328196565,6352.729328196565,215,2,51.038,151436.3426673644
863,,,,6362.729328196565,6362.729328196565,216,2,50.796,156802.00717462995
864,,,,6372.729328196565,6372.729328196565,217,2,50.537,167253.85528266313
865,,,,6382.729328196565,6382.729328196565,218,2,50.27,171794.15336846284
866,,,,6392.729328196565,6392.729328196565,219,2,50.003,171151.84549631178
867,,,,6402.729328196565,6402.729328196565,220,2,49.737,169869.78736968944
868,,,,6412.729328196565,6412.729328196565,221,2,49.472,168593.12293907942
869,,,,6422.729328196565,6422.729328196565,222,2,49.215,162896.8515274144
870,,,,6432.729328196565,6432.729328196565,223,2,48.959,161670.85288099077
871,,,,6442.729328196565,6442.729328196565,224,2,48.705,159822.57014568636
872,,,,6452.729328196565,6452.729328196565,225,2,48.451,159238.02813500602
873,,,,6462.729328196565,6462.729328196565,226,2,48.214,148058.57613089983
874,,,,6472.729328196565,6472.729328196565,227,2,48.001,132650.78794254872
875,,,,6482.729328196565,6482.729328196565,228,2,47.788,132267.49599876683
876,,,,6492.729328196565,6492.729328196565,229,2,47.57,134971.1429546384
877,,,,6502.729328196565,6502.729328196565,230,2,47.384,114847.58987710121
878,,,,6512.729328196565,6512.729328196565,231,2,47.174,129324.43856127879
879,,,,6522.729328196565,6522.729328196565,232,2,46.949,138136.24182551604
880,,,,6532.729328196565,6532.729328196565,233,2,46.889,36781.0952819556
882,,,,6552.729328196565,6552.729328196565,235,2,46.739,92027.84123106168
883,,,,6562.729328196565,6562.729328196565,236,2,46.594,88815.28637634021
884,,,,6572.729328196565,6572.729328196565,237,2,46.435,97221.25543097426
885,,,,6582.729328196565,6582.729328196565,238,2,46.338,59237.85615258445
889,,,,6622.729328196565,6622.729328196565,242,2,46.201,83961.9226543718
890,,,,6632.729328196565,6632.729328196565,243,2,46.058,87505.84343788284
891,,,,6642.729328196565,6642.729328196565,244,2,46.031,16516.50212981655
905,,,,6782.729328196565,6782.729328196565,258,2,45.957,46170.79820271757
906,,,,6792.729328196565,6792.729328196565,259,2,45.92,23091.536922007883
908,,,,6812.729328196565,6812.729328196565,261,2,45.883,23140.872649107278
910,,,,6832.729328196565,6832.729328196565,263,2,45.84,26948.892583317
912,,,,6852.729328196565,6852.729328196565,265,2,45.836,2512.923255570064
913,,,,6862.729328196565,6862.729328196565,266,2,45.762,46517.308794305805
916,,,,6892.729328196565,6892.729328196565,269,2,45.721,25853.26984239013
919,,,,6922.729328196565,6922.729328196565,272,2,45.602,75232.32484222835
924,,,,6972.729328196565,6972.729328196565,277,2,45.581,13351.681944987884
925,,,,6982.729328196565,6982.729328196565,278,2,45.442,88346.86705802244
928,,,,7012.729328196565,7012.729328196565,281,2,45.389,33759.58053329764
929,,,,7022.729328196565,7022.729328196565,282,2,45.384,3187.3710465435647
931,,,,7042.729328196565,7042.729328196565,284,2,45.306,49818.999576385315
932,,,,7052.729328196565,7052.729328196565,285,2,45.165,89967.51398222815
936,,,,7092.729328196565,7092.729328196565,289,2,45.151,8968.217188072918
939,,,,7122.729328196565,7122.729328196565,292,2,45.05,64890.20812140247
940,,,,7132.729328196565,7132.729328196565,293,2,45.047,1927.9125428476507
942,,,,7152.729328196565,7152.729328196565,295,2,45.033,9020.450010372542
945,,,,7182.729328196565,7182.729328196565,298,2,44.909,80107.60111334678
946,,,,7192.729328196565,7192.729328196565,299,2,44.813,61953.22183530517
947,,,,7202.729328196565,7202.729328196565,300,2,44.682,84443.68222073081
948,,,,7212.729328196565,7212.729328196565,301,2,44.453,147225.61796515487
949,,,,7222.729328196565,7222.729328196565,302,2,44.178,176043.37384903582
950,,,,7232.729328196565,7232.729328196565,303,2,43.897,179003.36059823562
951,,,,7242.729328196565,7242.729328196565,304,2,43.617,177475.26003978308
952,,,,7252.729328196565,7252.729328196565,305,2,43.355,165265.50628456112
953,,,,7262.729328196565,7262.729328196565,306,2,43.142,133807.51562331303
954,,,,7272.729328196565,7272.729328196565,307,2,42.898,152681.9340611198
955,,,,7282.729328196565,7282.729328196565,308,2,42.625,170035.5548715539
956,,,,7292.729328196565,7292.729328196565,309,2,42.327,184620.51868290958
957,,,,7302.729328196565,7302.729328196565,310,2,42.06,164540.19709154326
958,,,,7312.729328196565,7312.729328196565,311,2,41.784,169223.4598709564
959,,,,7322.729328196565,7322.729328196565,312,2,41.515,164083.55215323987
960,,,,7332.729328196565,7332.729328196565,313,2,41.228,174132.09054445135
961,,,,7343.729328196565,7343.729328196565,314,2,40.945,170778.12443430943
962,,,,7353.729328196565,7353.729328196565,315,2,40.684,156672.44611748596
963,,,,7363.729328196565,7363.729328196565,316,2,40.422,156477.56929389044
964,,,,7373.729328196565,7373.729328196565,317,2,40.156,158046.65624077342
965,,,,7383.729328196565,7383.729328196565,318,2,39.885,160161.29245186757
966,,,,7393.729328196565,7393.729328196565,319,2,39.622,154605.40151429
967,,,,7403.729328196565,7403.729328196565,320,2,39.359,153790.28781648594
968,,,,7413.729328196565,7413.729328196565,321,2,39.096,152972.407358686
969,,,,7423.729328196565,7423.729328196565,322,2,38.83,153881.40741332507
970,,,,7433.729328196565,7433.729328196565,323,2,38.562,154183.39628496772
971,,,,7443.729328196565,7443.729328196565,324,2,38.296,152181.2995559364
972,,,,7453.729328196565,7453.729328196565,325,2,38.025,154165.41661152605
973,,,,7463.729328196565,7463.729328196565,326,2,37.765,147075.77190384347
974,,,,7473.729328196565,7473.729328196565,327,2,37.544,124387.43711695333
975,,,,7483.729328196565,7483.729328196565,328,2,37.319,126057.24645677219
976,,,,7493.729328196565,7493.729328196565,329,2,37.083,131581.4340764518
977,,,,7503.729328196565,7503.729328196565,330,2,36.84,134791.65850016798
978,,,,7513.729328196565,7513.729328196565,331,2,36.597,134083.93498397057
979,,,,7523.729328196565,7523.729328196565,332,2,36.361,129544.23366107164
980,,,,7533.729328196565,7533.729328196565,333,2,36.124,129421.52177397288
981,,,,7543.729328196565,7543.729328196565,334,2,35.914,114121.38640237154
982,,,,7553.729328196565,7553.729328196565,335,2,35.818,52017.03476834079
984,,,,7573.729328196565,7573.729328196565,337,2,35.814,2170.0855169483025
985,,,,7583.729328196565,7583.729328196565,338,2,35.8,7603.416689534138
987,,,,7603.729328196565,7603.729328196565,340,2,35.758,22852.52185721477
988,,,,7613.729328196565,7613.729328196565,341,2,35.738,10887.023840976533
989,,,,7623.729328196565,7623.729328196565,342,2,35.73,4358.821501021872
990,,,,7633.729328196565,7633.729328196565,343,2,35.708,11997.443826448698
991,,,,7643.729328196565,7643.729328196565,344,2,35.673,19096.596511158103
993,,,,7663.729328196565,7663.729328196565,346,2,35.634,21312.624341023595
997,,,,7703.729328196565,7703.729328196565,350,2,35.626,4391.742015419764
1000,,,,7733.729328196565,7733.729328196565,353,2,35.619,3856.926821910391
1002,,,,7753.729328196565,7753.729328196565,355,2,35.545,40832.19314947068
1005,,,,7783.729328196565,7783.729328196565,358,2,35.519,14381.716465454832
1006,,,,7793.729328196565,7793.729328196565,359,2,35.504,8303.010571147883
1009,,,,7823.729328196565,7823.729328196565,362,2,35.452,28867.30798699858
1016,,,,7893.729328196565,7893.729328196565,369,2,35.414,21257.08685773331
1017,,,,7903.729328196565,7903.729328196565,370,2,35.293,67620.72774266537
1018,,,,7913.729328196565,7913.729328196565,371,2,35.229,35717.889259717034
1024,,,,7973.729328196565,7973.729328196565,377,2,35.188,23020.93002224653
1027,,,,8003.729328196565,8003.729328196565,380,2,35.066,68599.86802722076
1028,,,,8013.729328196565,8013.729328196565,381,2,34.934,74046.85899253907
1029,,,,8023.729328196565,8023.729328196565,382,2,34.813,67715.35698389809
1030,,,,8033.729328196565,8033.729328196565,383,2,34.695,65892.19806102703
1031,,,,8043.729328196565,8043.729328196565,384,2,34.592,57404.56501816466
1032,,,,8053.729328196565,8053.729328196565,385,2,34.471,67301.97973978319
1033,,,,8063.729328196565,8063.729328196565,386,2,34.356,63825.26432425243
1034,,,,8073.729328196565,8073.729328196565,387,2,34.232,68666.3574481322
1035,,,,8083.729328196565,8083.729328196565,388,2,34.108,68502.81572383149
1036,,,,8093.729328196565,8093.729328196565,389,2,33.992,63937.22420102139
1037,,,,8103.729328196565,8103.729328196565,390,2,33.869,67641.04264071054
1038,,,,8113.729328196565,8113.729328196565,391,2,33.751,64740.74450637405
1039,,,,8123.729328196565,8123.729328196565,392,2,33.695,30683.130703093117
1042,,,,8153.729328196565,8153.729328196565,395,2,33.675,10986.334896813769
1043,,,,8163.729328196565,8163.729328196565,396,2,33.645,16487.467751222503
1046,,,,8193.729328196565,8193.729328196565,399,2,33.542,56702.74551447574
1047,,,,8203.729328196565,8203.729328196565,400,2,33.402,76886.66386055104
1048,,,,8213.729328196565,8213.729328196565,401,2,33.389,7131.84154227347
1054,,,,8273.729328196565,8273.729328196565,407,2,33.31,43596.10832444958
1055,,,,8283.729328196565,8283.729328196565,408,2,33.139,94126.1856521157
1056,,,,8293.729328196565,8293.729328196565,409,2,32.941,108513.82753343157
1057,,,,8303.729328196565,8303.729328196565,410,2,32.733,113430.5369391991
1058,,,,8313.729328196565,8313.729328196565,411,2,32.525,112847.76848788503
1059,,,,8323.729328196565,8323.729328196565,412,2,32.324,108496.8901640483
1060,,,,8333.729328196565,8333.729328196565,413,2,32.12,109560.00597656542
1061,,,,8343.729328196565,8343.729328196565,414,2,31.894,120710.10056262903
1062,,,,8353.729328196565,8353.729328196565,415,2,31.664,122117.65558754731
1063,,,,8363.729328196565,8363.729328196565,416,2,31.424,126636.22940574463
1064,,,,8373.729328196565,8373.729328196565,417,2,31.182,126867.4589937004
1065,,,,8383.729328196565,8383.729328196565,418,2,30.958,116696.14666172623
1066,,,,8393.729328196565,8393.729328196565,419,2,30.721,122698.88900241825
1067,,,,8403.729328196565,8403.729328196565,420,2,30.482,122925.69361159422
1068,,,,8413.729328196565,8413.729328196565,421,2,30.266,110401.3215135261
1069,,,,8423.729328196565,8423.729328196565,422,2,30.047,111265.22474676155
1070,,,,8433.729328196565,8433.729328196565,423,2,29.842,103542.96122595557
1071,,,,8443.729328196565,8443.729328196565,424,2,29.629,106959.4467248376
1072,,,,8453.729328196565,8453.729328196565,425,2,29.424,102339.70599368923
1073,,,,8463.729328196565,8463.729328196565,1,3,29.24,91358.983984916
1075,,,,8474.729328196565,8474.729328196565,3,3,29.234,2973.3079364201476
1076,,,,8484.729328196565,8484.729328196565,4,3,29.14,46557.03344159034
1077,,,,8494.729328196565,8494.729328196565,5,3,28.996,71114.34012826205
1078,,,,8504.729328196565,8504.729328196565,6,3,28.82,86540.85982766542
1079,,,,8514.729328196565,8514.729328196565,7,3,28.637,89529.2369508647
1080,,,,8524.729328196565,8524.729328196565,8,3,28.472,80328.3965886559
1081,,,,8534.729328196565,8534.729328196565,9,3,28.315,76091.88287456686
1082,,,,8544.729328196565,8544.729328196565,10,3,28.194,58425.347262455296
1083,,,,8554.729328196565,8554.729328196565,11,3,28.116,37573.9110607181
1084,,,,8564.729328196565,8564.729328196565,12,3,28.068,23097.636123618166
1085,,,,8574.729328196565,8574.729328196565,13,3,28.01,27889.512933463124
1086,,,,8584.729328196565,8584.729328196565,14,3,27.957,25464.461954492785
1087,,,,8594.729328196565,8594.729328196565,15,3,27.914,20648.433258713467
1088,,,,8604.729328196565,8604.729328196565,16,3,27.873,19681.31343631635
1089,,,,8614.729328196565,8614.729328196565,17,3,27.832,19675.223386314952
1090,,,,8624.729328196565,8624.729328196565,18,3,27.8,15353.950143559416
1091,,,,8634.729328196565,8634.729328196565,19,3,27.765,16792.605729243543
1092,,,,8644.729328196565,8644.729328196565,20,3,27.735,14393.474331447826
1093,,,,8654.729328196565,8654.729328196565,21,3,27.716,9118.354523577935
1094,,,,8664.729328196565,8664.729328196565,22,3,27.676,19198.26747789986
1095,,,,8674.729328196565,8674.729328196565,23,3,27.646,14397.101276833551
1096,,,,8684.729328196565,8684.729328196565,24,3,27.61,17275.80253531851
1097,,,,8694.729328196565,8694.729328196565,25,3,27.575,16793.652329178527
1098,,,,8704.729328196565,8704.729328196565,26,3,27.531,21106.043831822626
1099,,,,8714.729328196565,8714.729328196565,27,3,27.504,12949.60847158583
1104,,,,8764.729328196565,8764.729328196565,32,3,27.481,11084.358768550277
1105,,,,8774.729328196565,8774.729328196565,33,3,27.405,36602.34433696239
1106,,,,8784.729328196565,8784.729328196565,34,3,27.361,21168.59740107281
1107,,,,8794.729328196565,8794.729328196565,35,3,27.315,22119.588554429567
1108,,,,8804.729328196565,8804.729328196565,36,3,27.217,47053.670973072294
1109,,,,8814.729328196565,8814.729328196565,37,3,27.121,45981.57717461235
1109,,,,8814.729328196565,8814.729328196565,37,3,27.121,9610816.576406883
