fixIdx,legIdx,zoneIdx,tickLead,tickRace,time,lat,lng,alt,togo
1,0,1,-3815.152002862855,-3815.152002862855,,,,294.0,119.473
11,0,11,-3515.152002862855,-3515.152002862855,,,,327.0,119.263
12,0,12,-3505.152002862855,-3505.152002862855,,,,346.0,119.128
13,0,13,-3495.152002862855,-3495.152002862855,,,,368.0,118.969
14,0,14,-3485.152002862855,-3485.152002862855,,,,393.0,118.82
15,0,15,-3475.152002862855,-3475.152002862855,,,,407.0,118.693
16,0,16,-3465.152002862855,-3465.152002862855,,,,426.0,118.619
17,0,17,-3455.152002862855,-3455.152002862855,,,,441.0,118.581
175,0,175,-1874.152002862855,-1874.152002862855,,,,1147.0,118.544
176,0,176,-1864.152002862855,-1864.152002862855,,,,1152.0,118.487
177,0,177,-1854.152002862855,-1854.152002862855,,,,1144.0,118.368
178,0,178,-1844.152002862855,-1844.152002862855,,,,1128.0,118.234
179,0,179,-1834.152002862855,-1834.152002862855,,,,1141.0,118.071
180,0,180,-1824.152002862855,-1824.152002862855,,,,1160.0,117.962
214,0,214,-1484.152002862855,-1484.152002862855,,,,1394.0,117.902
215,0,215,-1474.152002862855,-1474.152002862855,,,,1357.0,117.787
216,0,216,-1464.152002862855,-1464.152002862855,,,,1329.0,117.695
217,0,217,-1454.152002862855,-1454.152002862855,,,,1310.0,117.622
218,0,218,-1444.152002862855,-1444.152002862855,,,,1277.0,117.529
219,0,219,-1434.152002862855,-1434.152002862855,,,,1252.0,117.418
220,0,220,-1424.152002862855,-1424.152002862855,,,,1233.0,117.334
221,0,221,-1414.152002862855,-1414.152002862855,,,,1207.0,117.257
222,0,222,-1404.152002862855,-1404.152002862855,,,,1190.0,117.178
223,0,223,-1394.152002862855,-1394.152002862855,,,,1166.0,117.129
224,0,224,-1384.152002862855,-1384.152002862855,,,,1153.0,117.091
225,0,225,-1374.152002862855,-1374.152002862855,,,,1144.0,117.042
226,0,226,-1364.152002862855,-1364.152002862855,,,,1138.0,117.024
227,0,227,-1354.152002862855,-1354.152002862855,,,,1129.0,116.976
228,0,228,-1344.152002862855,-1344.152002862855,,,,1132.0,116.953
230,0,230,-1324.152002862855,-1324.152002862855,,,,1096.0,116.81
231,0,231,-1314.152002862855,-1314.152002862855,,,,1066.0,116.671
306,0,306,-564.152002862855,-564.152002862855,,,,1372.0,116.607
307,0,307,-554.152002862855,-554.152002862855,,,,1350.0,116.514
308,0,308,-544.152002862855,-544.152002862855,,,,1337.0,116.428
309,0,309,-534.152002862855,-534.152002862855,,,,1317.0,116.34
310,0,310,-524.152002862855,-524.152002862855,,,,1295.0,116.232
311,0,311,-514.152002862855,-514.152002862855,,,,1269.0,116.129
312,0,312,-504.152002862855,-504.152002862855,,,,1244.0,116.011
313,0,313,-494.152002862855,-494.152002862855,,,,1223.0,115.877
314,0,314,-484.152002862855,-484.152002862855,,,,1193.0,115.729
315,0,315,-474.152002862855,-474.152002862855,,,,1159.0,115.607
316,0,316,-464.152002862855,-464.152002862855,,,,1126.0,115.515
317,0,317,-454.152002862855,-454.152002862855,,,,1100.0,115.43
318,0,318,-444.152002862855,-444.152002862855,,,,1070.0,115.371
319,0,319,-434.152002862855,-434.152002862855,,,,1046.0,115.3
320,0,320,-424.152002862855,-424.152002862855,,,,1046.0,115.206
321,0,321,-414.152002862855,-414.152002862855,,,,1049.0,115.114
378,0,378,144.847997137145,144.847997137145,,,,1767.0,115.061
379,0,379,154.847997137145,154.847997137145,,,,1742.0,114.857
380,0,380,164.847997137145,164.847997137145,,,,1709.0,114.65
381,0,381,174.847997137145,174.847997137145,,,,1686.0,114.456
382,1,1,184.847997137145,184.847997137145,,,,1669.0,114.269
383,1,2,194.847997137145,194.847997137145,,,,1651.0,114.091
384,1,3,204.847997137145,204.847997137145,,,,1657.0,113.911
385,1,4,214.847997137145,214.847997137145,,,,1652.0,113.726
386,1,5,224.847997137145,224.847997137145,,,,1650.0,113.545
387,1,6,234.847997137145,234.847997137145,,,,1639.0,113.373
388,1,7,244.847997137145,244.847997137145,,,,1637.0,113.204
389,1,8,254.847997137145,254.847997137145,,,,1618.0,113.019
390,1,9,264.847997137145,264.847997137145,,,,1595.0,112.845
391,1,10,274.847997137145,274.847997137145,,,,1580.0,112.633
392,1,11,284.847997137145,284.847997137145,,,,1565.0,112.43
393,1,12,294.847997137145,294.847997137145,,,,1557.0,112.245
394,1,13,304.847997137145,304.847997137145,,,,1543.0,112.074
395,1,14,314.847997137145,314.847997137145,,,,1524.0,111.918
396,1,15,324.847997137145,324.847997137145,,,,1502.0,111.78
397,1,16,334.847997137145,334.847997137145,,,,1481.0,111.597
398,1,17,344.847997137145,344.847997137145,,,,1453.0,111.421
399,1,18,354.847997137145,354.847997137145,,,,1435.0,111.26
400,1,19,364.847997137145,364.847997137145,,,,1417.0,111.1
401,1,20,374.847997137145,374.847997137145,,,,1398.0,110.932
402,1,21,384.847997137145,384.847997137145,,,,1388.0,110.771
403,1,22,394.847997137145,394.847997137145,,,,1365.0,110.61
404,1,23,404.847997137145,404.847997137145,,,,1347.0,110.421
405,1,24,414.847997137145,414.847997137145,,,,1351.0,110.253
406,1,25,424.847997137145,424.847997137145,,,,1354.0,110.119
407,1,26,434.847997137145,434.847997137145,,,,1354.0,109.982
408,1,27,444.847997137145,444.847997137145,,,,1351.0,109.797
409,1,28,454.847997137145,454.847997137145,,,,1336.0,109.613
410,1,29,464.847997137145,464.847997137145,,,,1307.0,109.458
411,1,30,474.847997137145,474.847997137145,,,,1270.0,109.33
412,1,31,484.847997137145,484.847997137145,,,,1245.0,109.208
413,1,32,494.847997137145,494.847997137145,,,,1219.0,109.068
414,1,33,504.847997137145,504.847997137145,,,,1186.0,108.907
415,1,34,514.847997137145,514.847997137145,,,,1161.0,108.801
416,1,35,524.847997137145,524.847997137145,,,,1173.0,108.765
417,1,36,534.847997137145,534.847997137145,,,,1177.0,108.67
450,1,69,864.847997137145,864.847997137145,,,,1860.0,108.552
451,1,70,874.847997137145,874.847997137145,,,,1836.0,108.407
452,1,71,884.847997137145,884.847997137145,,,,1814.0,108.259
453,1,72,894.847997137145,894.847997137145,,,,1791.0,108.093
454,1,73,904.847997137145,904.847997137145,,,,1775.0,107.909
455,1,74,914.847997137145,914.847997137145,,,,1767.0,107.755
456,1,75,924.847997137145,924.847997137145,,,,1750.0,107.608
457,1,76,934.847997137145,934.847997137145,,,,1734.0,107.445
458,1,77,944.847997137145,944.847997137145,,,,1723.0,107.276
459,1,78,954.847997137145,954.847997137145,,,,1699.0,107.083
460,1,79,964.847997137145,964.847997137145,,,,1682.0,106.888
461,1,80,974.847997137145,974.847997137145,,,,1657.0,106.732
462,1,81,984.847997137145,984.847997137145,,,,1634.0,106.553
463,1,82,994.847997137145,994.847997137145,,,,1619.0,106.365
464,1,83,1004.847997137145,1004.847997137145,,,,1602.0,106.174
465,1,84,1014.847997137145,1014.847997137145,,,,1589.0,105.973
466,1,85,1024.847997137145,1024.847997137145,,,,1567.0,105.777
467,1,86,1034.847997137145,1034.847997137145,,,,1542.0,105.587
468,1,87,1044.847997137145,1044.847997137145,,,,1507.0,105.397
469,1,88,1054.847997137145,1054.847997137145,,,,1481.0,105.192
470,1,89,1064.847997137145,1064.847997137145,,,,1446.0,104.991
471,1,90,1074.847997137145,1074.847997137145,,,,1409.0,104.764
472,1,91,1084.847997137145,1084.847997137145,,,,1380.0,104.542
473,1,92,1094.847997137145,1094.847997137145,,,,1348.0,104.32
474,1,93,1104.847997137145,1104.847997137145,,,,1326.0,104.118
475,1,94,1114.847997137145,1114.847997137145,,,,1293.0,103.927
476,1,95,1124.847997137145,1124.847997137145,,,,1266.0,103.725
477,1,96,1134.847997137145,1134.847997137145,,,,1262.0,103.528
478,1,97,1144.847997137145,1144.847997137145,,,,1257.0,103.356
479,1,98,1154.847997137145,1154.847997137145,,,,1254.0,103.188
480,1,99,1164.847997137145,1164.847997137145,,,,1278.0,103.008
489,1,108,1254.847997137145,1254.847997137145,,,,1417.0,102.877
490,1,109,1264.847997137145,1264.847997137145,,,,1440.0,102.692
491,1,110,1274.847997137145,1274.847997137145,,,,1472.0,102.596
493,1,112,1294.847997137145,1294.847997137145,,,,1503.0,102.571
495,1,114,1314.847997137145,1314.847997137145,,,,1552.0,102.57
497,1,116,1334.847997137145,1334.847997137145,,,,1591.0,102.558
501,1,120,1374.847997137145,1374.847997137145,,,,1633.0,102.466
515,1,134,1514.847997137145,1514.847997137145,,,,1998.0,102.418
516,1,135,1524.847997137145,1524.847997137145,,,,2003.0,102.229
517,1,136,1534.847997137145,1534.847997137145,,,,1987.0,102.01
518,1,137,1544.847997137145,1544.847997137145,,,,1965.0,101.782
519,1,138,1554.847997137145,1554.847997137145,,,,1954.0,101.548
520,1,139,1564.847997137145,1564.847997137145,,,,1945.0,101.306
521,1,140,1574.847997137145,1574.847997137145,,,,1951.0,101.09
522,1,141,1584.847997137145,1584.847997137145,,,,1928.0,100.89
523,1,142,1594.847997137145,1594.847997137145,,,,1893.0,100.641
524,1,143,1604.847997137145,1604.847997137145,,,,1870.0,100.384
525,1,144,1614.847997137145,1614.847997137145,,,,1840.0,100.141
526,1,145,1624.847997137145,1624.847997137145,,,,1803.0,99.899
527,1,146,1634.847997137145,1634.847997137145,,,,1763.0,99.649
528,1,147,1644.847997137145,1644.847997137145,,,,1724.0,99.409
529,1,148,1654.847997137145,1654.847997137145,,,,1687.0,99.184
530,1,149,1664.847997137145,1664.847997137145,,,,1652.0,98.97
531,1,150,1674.847997137145,1674.847997137145,,,,1618.0,98.751
532,1,151,1684.847997137145,1684.847997137145,,,,1591.0,98.538
533,1,152,1694.847997137145,1694.847997137145,,,,1571.0,98.372
534,1,153,1704.847997137145,1704.847997137145,,,,1538.0,98.177
535,1,154,1714.847997137145,1714.847997137145,,,,1505.0,97.965
536,1,155,1724.847997137145,1724.847997137145,,,,1517.0,97.778
537,1,156,1734.847997137145,1734.847997137145,,,,1527.0,97.602
538,1,157,1744.847997137145,1744.847997137145,,,,1541.0,97.422
539,1,158,1754.847997137145,1754.847997137145,,,,1556.0,97.266
543,1,162,1794.847997137145,1794.847997137145,,,,1582.0,97.116
544,1,163,1804.847997137145,1804.847997137145,,,,1573.0,96.943
545,1,164,1814.847997137145,1814.847997137145,,,,1559.0,96.77
546,1,165,1824.847997137145,1824.847997137145,,,,1549.0,96.585
547,1,166,1834.847997137145,1834.847997137145,,,,1528.0,96.389
548,1,167,1844.847997137145,1844.847997137145,,,,1504.0,96.187
549,1,168,1854.847997137145,1854.847997137145,,,,1483.0,95.984
550,1,169,1864.847997137145,1864.847997137145,,,,1464.0,95.777
551,1,170,1874.847997137145,1874.847997137145,,,,1443.0,95.568
552,1,171,1884.847997137145,1884.847997137145,,,,1415.0,95.361
553,1,172,1894.847997137145,1894.847997137145,,,,1389.0,95.16
554,1,173,1904.847997137145,1904.847997137145,,,,1368.0,94.978
555,1,174,1914.847997137145,1914.847997137145,,,,1402.0,94.799
556,1,175,1924.847997137145,1924.847997137145,,,,1428.0,94.791
559,1,178,1954.847997137145,1954.847997137145,,,,1535.0,94.784
578,1,197,2144.847997137145,2144.847997137145,,,,1983.0,94.731
579,1,198,2154.847997137145,2154.847997137145,,,,1968.0,94.558
580,1,199,2164.847997137145,2164.847997137145,,,,1988.0,94.362
581,1,200,2174.847997137145,2174.847997137145,,,,1968.0,94.18
582,1,201,2184.847997137145,2184.847997137145,,,,1948.0,93.978
583,1,202,2194.847997137145,2194.847997137145,,,,1922.0,93.759
584,1,203,2204.847997137145,2204.847997137145,,,,1907.0,93.552
585,1,204,2214.847997137145,2214.847997137145,,,,1889.0,93.349
586,1,205,2224.847997137145,2224.847997137145,,,,1846.0,93.155
587,1,206,2235.847997137145,2235.847997137145,,,,1837.0,92.934
588,1,207,2245.847997137145,2245.847997137145,,,,1812.0,92.729
589,1,208,2255.847997137145,2255.847997137145,,,,1791.0,92.532
590,1,209,2265.847997137145,2265.847997137145,,,,1764.0,92.355
591,1,210,2275.847997137145,2275.847997137145,,,,1734.0,92.164
592,1,211,2285.847997137145,2285.847997137145,,,,1709.0,91.981
593,1,212,2295.847997137145,2295.847997137145,,,,1697.0,91.798
594,1,213,2305.847997137145,2305.847997137145,,,,1677.0,91.625
595,1,214,2315.847997137145,2315.847997137145,,,,1647.0,91.455
596,1,215,2325.847997137145,2325.847997137145,,,,1616.0,91.278
597,1,216,2335.847997137145,2335.847997137145,,,,1595.0,91.083
598,1,217,2345.847997137145,2345.847997137145,,,,1567.0,90.898
599,1,218,2355.847997137145,2355.847997137145,,,,1542.0,90.716
600,1,219,2365.847997137145,2365.847997137145,,,,1519.0,90.531
601,1,220,2375.847997137145,2375.847997137145,,,,1487.0,90.34
602,1,221,2385.847997137145,2385.847997137145,,,,1453.0,90.152
603,1,222,2395.847997137145,2395.847997137145,,,,1428.0,89.957
604,1,223,2405.847997137145,2405.847997137145,,,,1399.0,89.767
605,1,224,2415.847997137145,2415.847997137145,,,,1365.0,89.572
606,1,225,2425.847997137145,2425.847997137145,,,,1336.0,89.377
607,1,226,2435.847997137145,2435.847997137145,,,,1317.0,89.173
608,1,227,2445.847997137145,2445.847997137145,,,,1307.0,88.981
609,1,228,2455.847997137145,2455.847997137145,,,,1296.0,88.777
610,1,229,2465.847997137145,2465.847997137145,,,,1297.0,88.588
611,1,230,2475.847997137145,2475.847997137145,,,,1321.0,88.394
641,1,260,2775.847997137145,2775.847997137145,,,,1956.0,88.391
642,1,261,2785.847997137145,2785.847997137145,,,,1941.0,88.254
643,1,262,2795.847997137145,2795.847997137145,,,,1910.0,88.072
644,1,263,2805.847997137145,2805.847997137145,,,,1891.0,87.868
645,1,264,2815.847997137145,2815.847997137145,,,,1884.0,87.658
646,1,265,2825.847997137145,2825.847997137145,,,,1867.0,87.452
647,1,266,2835.847997137145,2835.847997137145,,,,1845.0,87.248
648,1,267,2845.847997137145,2845.847997137145,,,,1849.0,87.077
649,1,268,2855.847997137145,2855.847997137145,,,,1820.0,86.915
650,1,269,2865.847997137145,2865.847997137145,,,,1793.0,86.719
651,1,270,2875.847997137145,2875.847997137145,,,,1774.0,86.533
652,1,271,2885.847997137145,2885.847997137145,,,,1759.0,86.365
653,1,272,2895.847997137145,2895.847997137145,,,,1741.0,86.19
654,1,273,2905.847997137145,2905.847997137145,,,,1728.0,86.02
655,1,274,2915.847997137145,2915.847997137145,,,,1708.0,85.842
656,1,275,2925.847997137145,2925.847997137145,,,,1689.0,85.677
657,1,276,2935.847997137145,2935.847997137145,,,,1668.0,85.505
658,1,277,2945.847997137145,2945.847997137145,,,,1641.0,85.339
659,1,278,2955.847997137145,2955.847997137145,,,,1614.0,85.164
660,1,279,2965.847997137145,2965.847997137145,,,,1594.0,84.984
661,1,280,2975.847997137145,2975.847997137145,,,,1573.0,84.801
662,1,281,2985.847997137145,2985.847997137145,,,,1560.0,84.611
663,1,282,2995.847997137145,2995.847997137145,,,,1534.0,84.423
664,1,283,3005.847997137145,3005.847997137145,,,,1502.0,84.238
665,1,284,3015.847997137145,3015.847997137145,,,,1472.0,84.05
666,1,285,3025.847997137145,3025.847997137145,,,,1446.0,83.863
667,1,286,3035.847997137145,3035.847997137145,,,,1417.0,83.668
668,1,287,3045.847997137145,3045.847997137145,,,,1388.0,83.468
669,1,288,3055.847997137145,3055.847997137145,,,,1352.0,83.278
670,1,289,3065.847997137145,3065.847997137145,,,,1336.0,83.102
671,1,290,3075.847997137145,3075.847997137145,,,,1313.0,82.93
672,1,291,3085.847997137145,3085.847997137145,,,,1291.0,82.735
673,1,292,3095.847997137145,3095.847997137145,,,,1285.0,82.53
674,1,293,3105.847997137145,3105.847997137145,,,,1265.0,82.392
675,1,294,3115.847997137145,3115.847997137145,,,,1245.0,82.304
676,1,295,3125.847997137145,3125.847997137145,,,,1229.0,82.274
677,1,296,3135.847997137145,3135.847997137145,,,,1230.0,82.206
678,1,297,3145.847997137145,3145.847997137145,,,,1242.0,82.164
708,1,327,3445.847997137145,3445.847997137145,,,,2002.0,82.153
709,1,328,3455.847997137145,3455.847997137145,,,,1989.0,81.965
710,1,329,3465.847997137145,3465.847997137145,,,,2007.0,81.776
711,1,330,3475.847997137145,3475.847997137145,,,,2003.0,81.6
712,1,331,3485.847997137145,3485.847997137145,,,,1987.0,81.412
713,1,332,3495.847997137145,3495.847997137145,,,,1960.0,81.187
714,1,333,3505.847997137145,3505.847997137145,,,,1950.0,80.968
715,1,334,3515.847997137145,3515.847997137145,,,,1928.0,80.773
716,1,335,3525.847997137145,3525.847997137145,,,,1919.0,80.579
717,1,336,3535.847997137145,3535.847997137145,,,,1900.0,80.402
718,1,337,3545.847997137145,3545.847997137145,,,,1879.0,80.198
719,1,338,3555.847997137145,3555.847997137145,,,,1855.0,79.991
720,1,339,3565.847997137145,3565.847997137145,,,,1858.0,79.783
721,1,340,3575.847997137145,3575.847997137145,,,,1843.0,79.603
722,1,341,3585.847997137145,3585.847997137145,,,,1827.0,79.419
723,1,342,3595.847997137145,3595.847997137145,,,,1808.0,79.212
724,1,343,3605.847997137145,3605.847997137145,,,,1801.0,78.994
725,1,344,3615.847997137145,3615.847997137145,,,,1778.0,78.799
726,1,345,3625.847997137145,3625.847997137145,,,,1745.0,78.599
727,1,346,3635.847997137145,3635.847997137145,,,,1726.0,78.405
728,1,347,3645.847997137145,3645.847997137145,,,,1689.0,78.221
729,1,348,3655.847997137145,3655.847997137145,,,,1660.0,78.072
730,2,1,3656.847997137145,3656.847997137145,,,,1656.0,78.04
733,2,4,3677.847997137145,3677.847997137145,,,,1620.0,77.969
734,2,5,3687.847997137145,3687.847997137145,,,,1586.0,77.728
735,2,6,3697.847997137145,3697.847997137145,,,,1547.0,77.493
736,2,7,3707.847997137145,3707.847997137145,,,,1511.0,77.241
737,2,8,3717.847997137145,3717.847997137145,,,,1490.0,76.99
738,2,9,3727.847997137145,3727.847997137145,,,,1467.0,76.752
739,2,10,3737.847997137145,3737.847997137145,,,,1436.0,76.514
740,2,11,3747.847997137145,3747.847997137145,,,,1402.0,76.286
741,2,12,3757.847997137145,3757.847997137145,,,,1393.0,76.045
742,2,13,3767.847997137145,3767.847997137145,,,,1395.0,75.837
743,2,14,3777.847997137145,3777.847997137145,,,,1398.0,75.628
744,2,15,3787.847997137145,3787.847997137145,,,,1422.0,75.452
746,2,17,3807.847997137145,3807.847997137145,,,,1447.0,75.444
747,2,18,3817.847997137145,3817.847997137145,,,,1464.0,75.431
749,2,20,3837.847997137145,3837.847997137145,,,,1476.0,75.325
750,2,21,3847.847997137145,3847.847997137145,,,,1487.0,75.088
751,2,22,3857.847997137145,3857.847997137145,,,,1478.0,74.878
752,2,23,3867.847997137145,3867.847997137145,,,,1444.0,74.653
753,2,24,3877.847997137145,3877.847997137145,,,,1410.0,74.425
754,2,25,3887.847997137145,3887.847997137145,,,,1398.0,74.198
755,2,26,3897.847997137145,3897.847997137145,,,,1398.0,73.987
756,2,27,3907.847997137145,3907.847997137145,,,,1400.0,73.785
757,2,28,3917.847997137145,3917.847997137145,,,,1427.0,73.593
759,2,30,3937.847997137145,3937.847997137145,,,,1479.0,73.515
761,2,32,3957.847997137145,3957.847997137145,,,,1533.0,73.462
762,2,33,3967.847997137145,3967.847997137145,,,,1561.0,73.402
764,2,35,3987.847997137145,3987.847997137145,,,,1610.0,73.359
766,2,37,4007.847997137145,4007.847997137145,,,,1659.0,73.289
767,2,38,4017.847997137145,4017.847997137145,,,,1680.0,73.286
768,2,39,4027.847997137145,4027.847997137145,,,,1715.0,73.237
769,2,40,4037.847997137145,4037.847997137145,,,,1736.0,73.208
770,2,41,4047.847997137145,4047.847997137145,,,,1764.0,73.177
771,2,42,4057.847997137145,4057.847997137145,,,,1784.0,73.153
772,2,43,4067.847997137145,4067.847997137145,,,,1805.0,73.08
774,2,45,4087.847997137145,4087.847997137145,,,,1842.0,73.043
779,2,50,4137.847997137145,4137.847997137145,,,,1915.0,73.006
782,2,53,4167.847997137145,4167.847997137145,,,,1972.0,72.947
784,2,55,4187.847997137145,4187.847997137145,,,,2001.0,72.932
785,2,56,4197.847997137145,4197.847997137145,,,,2007.0,72.742
786,2,57,4207.847997137145,4207.847997137145,,,,2014.0,72.518
787,2,58,4217.847997137145,4217.847997137145,,,,2034.0,72.373
794,2,65,4287.847997137145,4287.847997137145,,,,2145.0,72.155
795,2,66,4297.847997137145,4297.847997137145,,,,2134.0,71.925
796,2,67,4307.847997137145,4307.847997137145,,,,2115.0,71.694
797,2,68,4317.847997137145,4317.847997137145,,,,2092.0,71.468
798,2,69,4327.847997137145,4327.847997137145,,,,2092.0,71.244
799,2,70,4337.847997137145,4337.847997137145,,,,2080.0,71.011
800,2,71,4347.847997137145,4347.847997137145,,,,2094.0,70.797
801,2,72,4357.847997137145,4357.847997137145,,,,2097.0,70.585
802,2,73,4367.847997137145,4367.847997137145,,,,2087.0,70.335
803,2,74,4377.847997137145,4377.847997137145,,,,2100.0,70.104
804,2,75,4387.847997137145,4387.847997137145,,,,2098.0,69.871
805,2,76,4397.847997137145,4397.847997137145,,,,2113.0,69.649
806,2,77,4407.847997137145,4407.847997137145,,,,2135.0,69.47
807,2,78,4417.847997137145,4417.847997137145,,,,2118.0,69.291
808,2,79,4427.847997137145,4427.847997137145,,,,2104.0,69.079
809,2,80,4437.847997137145,4437.847997137145,,,,2088.0,68.857
810,2,81,4447.847997137145,4447.847997137145,,,,2085.0,68.622
811,2,82,4457.847997137145,4457.847997137145,,,,2063.0,68.371
812,2,83,4467.847997137145,4467.847997137145,,,,2042.0,68.124
813,2,84,4477.847997137145,4477.847997137145,,,,2018.0,67.873
814,2,85,4487.847997137145,4487.847997137145,,,,1994.0,67.624
815,2,86,4497.847997137145,4497.847997137145,,,,1970.0,67.379
816,2,87,4507.847997137145,4507.847997137145,,,,1952.0,67.15
817,2,88,4517.847997137145,4517.847997137145,,,,1925.0,66.954
818,2,89,4527.847997137145,4527.847997137145,,,,1903.0,66.76
819,2,90,4537.847997137145,4537.847997137145,,,,1878.0,66.57
820,2,91,4547.847997137145,4547.847997137145,,,,1855.0,66.355
821,2,92,4557.847997137145,4557.847997137145,,,,1826.0,66.15
822,2,93,4567.847997137145,4567.847997137145,,,,1805.0,65.932
823,2,94,4577.847997137145,4577.847997137145,,,,1791.0,65.717
824,2,95,4587.847997137145,4587.847997137145,,,,1763.0,65.507
825,2,96,4597.847997137145,4597.847997137145,,,,1745.0,65.319
826,2,97,4607.847997137145,4607.847997137145,,,,1719.0,65.149
827,2,98,4617.847997137145,4617.847997137145,,,,1699.0,64.981
828,2,99,4627.847997137145,4627.847997137145,,,,1675.0,64.802
829,2,100,4637.847997137145,4637.847997137145,,,,1673.0,64.633
830,2,101,4647.847997137145,4647.847997137145,,,,1676.0,64.435
831,2,102,4657.847997137145,4657.847997137145,,,,1671.0,64.249
832,2,103,4667.847997137145,4667.847997137145,,,,1665.0,64.079
833,2,104,4677.847997137145,4677.847997137145,,,,1684.0,64.025
835,2,106,4697.847997137145,4697.847997137145,,,,1705.0,63.998
836,2,107,4707.847997137145,4707.847997137145,,,,1721.0,63.811
837,2,108,4717.847997137145,4717.847997137145,,,,1720.0,63.628
841,2,112,4757.847997137145,4757.847997137145,,,,1722.0,63.575
842,2,113,4767.847997137145,4767.847997137145,,,,1707.0,63.474
849,2,120,4837.847997137145,4837.847997137145,,,,1604.0,63.379
850,2,121,4847.847997137145,4847.847997137145,,,,1593.0,63.15
851,2,122,4857.847997137145,4857.847997137145,,,,1576.0,62.912
852,2,123,4867.847997137145,4867.847997137145,,,,1563.0,62.692
853,2,124,4877.847997137145,4877.847997137145,,,,1534.0,62.461
854,2,125,4887.847997137145,4887.847997137145,,,,1497.0,62.233
855,2,126,4897.847997137145,4897.847997137145,,,,1469.0,62.001
856,2,127,4907.847997137145,4907.847997137145,,,,1443.0,61.795
857,2,128,4917.847997137145,4917.847997137145,,,,1421.0,61.572
858,2,129,4927.847997137145,4927.847997137145,,,,1399.0,61.346
859,2,130,4937.847997137145,4937.847997137145,,,,1371.0,61.112
860,2,131,4947.847997137145,4947.847997137145,,,,1357.0,60.879
861,2,132,4957.847997137145,4957.847997137145,,,,1336.0,60.67
862,2,133,4967.847997137145,4967.847997137145,,,,1325.0,60.455
863,2,134,4977.847997137145,4977.847997137145,,,,1313.0,60.236
864,2,135,4987.847997137145,4987.847997137145,,,,1294.0,60.018
865,2,136,4997.847997137145,4997.847997137145,,,,1275.0,59.797
866,2,137,5007.847997137145,5007.847997137145,,,,1259.0,59.586
867,2,138,5017.847997137145,5017.847997137145,,,,1233.0,59.361
868,2,139,5027.847997137145,5027.847997137145,,,,1216.0,59.165
869,2,140,5037.847997137145,5037.847997137145,,,,1198.0,58.968
870,2,141,5047.847997137145,5047.847997137145,,,,1177.0,58.773
871,2,142,5057.847997137145,5057.847997137145,,,,1156.0,58.585
872,2,143,5067.847997137145,5067.847997137145,,,,1127.0,58.386
873,2,144,5077.847997137145,5077.847997137145,,,,1102.0,58.191
874,2,145,5087.847997137145,5087.847997137145,,,,1083.0,58.008
875,2,146,5097.847997137145,5097.847997137145,,,,1067.0,57.818
876,2,147,5107.847997137145,5107.847997137145,,,,1039.0,57.609
877,2,148,5117.847997137145,5117.847997137145,,,,1016.0,57.403
878,2,149,5127.847997137145,5127.847997137145,,,,987.0,57.196
879,2,150,5137.847997137145,5137.847997137145,,,,968.0,56.982
880,2,151,5147.847997137145,5147.847997137145,,,,948.0,56.769
881,2,152,5157.847997137145,5157.847997137145,,,,965.0,56.556
882,2,153,5167.847997137145,5167.847997137145,,,,977.0,56.349
888,2,159,5227.847997137145,5227.847997137145,,,,1022.0,56.333
890,2,161,5247.847997137145,5247.847997137145,,,,1061.0,56.299
892,2,163,5267.847997137145,5267.847997137145,,,,1090.0,56.249
893,2,164,5277.847997137145,5277.847997137145,,,,1100.0,56.127
897,2,168,5317.847997137145,5317.847997137145,,,,1164.0,56.118
899,2,170,5337.847997137145,5337.847997137145,,,,1206.0,56.045
901,2,172,5357.847997137145,5357.847997137145,,,,1245.0,55.983
902,2,173,5367.847997137145,5367.847997137145,,,,1264.0,55.908
904,2,175,5387.847997137145,5387.847997137145,,,,1307.0,55.806
906,2,177,5407.847997137145,5407.847997137145,,,,1339.0,55.734
907,2,178,5417.847997137145,5417.847997137145,,,,1358.0,55.715
908,2,179,5427.847997137145,5427.847997137145,,,,1374.0,55.675
909,2,180,5437.847997137145,5437.847997137145,,,,1392.0,55.637
910,2,181,5447.847997137145,5447.847997137145,,,,1412.0,55.568
911,2,182,5457.847997137145,5457.847997137145,,,,1434.0,55.52
912,2,183,5467.847997137145,5467.847997137145,,,,1452.0,55.482
913,2,184,5477.847997137145,5477.847997137145,,,,1473.0,55.407
915,2,186,5497.847997137145,5497.847997137145,,,,1513.0,55.296
916,2,187,5507.847997137145,5507.847997137145,,,,1529.0,55.293
917,2,188,5517.847997137145,5517.847997137145,,,,1544.0,55.22
918,2,189,5527.847997137145,5527.847997137145,,,,1561.0,55.135
920,2,191,5547.847997137145,5547.847997137145,,,,1583.0,55.043
921,2,192,5557.847997137145,5557.847997137145,,,,1584.0,54.951
923,2,194,5577.847997137145,5577.847997137145,,,,1597.0,54.936
924,2,195,5587.847997137145,5587.847997137145,,,,1595.0,54.703
925,2,196,5597.847997137145,5597.847997137145,,,,1580.0,54.51
926,2,197,5607.847997137145,5607.847997137145,,,,1556.0,54.302
927,2,198,5617.847997137145,5617.847997137145,,,,1537.0,54.073
928,2,199,5627.847997137145,5627.847997137145,,,,1520.0,53.849
929,2,200,5637.847997137145,5637.847997137145,,,,1497.0,53.631
930,2,201,5647.847997137145,5647.847997137145,,,,1462.0,53.411
931,2,202,5657.847997137145,5657.847997137145,,,,1436.0,53.188
932,2,203,5667.847997137145,5667.847997137145,,,,1448.0,52.999
934,2,205,5687.847997137145,5687.847997137145,,,,1503.0,52.969
935,2,206,5697.847997137145,5697.847997137145,,,,1525.0,52.966
936,2,207,5707.847997137145,5707.847997137145,,,,1545.0,52.933
937,2,208,5717.847997137145,5717.847997137145,,,,1559.0,52.931
938,2,209,5727.847997137145,5727.847997137145,,,,1573.0,52.851
939,2,210,5737.847997137145,5737.847997137145,,,,1611.0,52.694
941,2,212,5757.847997137145,5757.847997137145,,,,1667.0,52.616
943,2,214,5777.847997137145,5777.847997137145,,,,1720.0,52.524
945,2,216,5797.847997137145,5797.847997137145,,,,1779.0,52.416
947,2,218,5817.847997137145,5817.847997137145,,,,1828.0,52.331
948,2,219,5827.847997137145,5827.847997137145,,,,1857.0,52.238
949,2,220,5837.847997137145,5837.847997137145,,,,1884.0,52.227
951,2,222,5857.847997137145,5857.847997137145,,,,1940.0,52.135
954,2,225,5887.847997137145,5887.847997137145,,,,2019.0,52.065
956,2,227,5907.847997137145,5907.847997137145,,,,2061.0,52.02
958,2,229,5927.847997137145,5927.847997137145,,,,2115.0,51.949
960,2,231,5947.847997137145,5947.847997137145,,,,2159.0,51.883
962,2,233,5967.847997137145,5967.847997137145,,,,2199.0,51.776
963,2,234,5977.847997137145,5977.847997137145,,,,2211.0,51.587
964,2,235,5987.847997137145,5987.847997137145,,,,2196.0,51.377
965,2,236,5997.847997137145,5997.847997137145,,,,2196.0,51.152
966,2,237,6007.847997137145,6007.847997137145,,,,2195.0,50.93
967,2,238,6017.847997137145,6017.847997137145,,,,2168.0,50.69
968,2,239,6027.847997137145,6027.847997137145,,,,2144.0,50.465
969,2,240,6037.847997137145,6037.847997137145,,,,2136.0,50.266
970,2,241,6047.847997137145,6047.847997137145,,,,2111.0,50.049
971,2,242,6057.847997137145,6057.847997137145,,,,2084.0,49.798
972,2,243,6067.847997137145,6067.847997137145,,,,2057.0,49.534
973,2,244,6077.847997137145,6077.847997137145,,,,2032.0,49.271
974,2,245,6087.847997137145,6087.847997137145,,,,2009.0,49.043
975,2,246,6097.847997137145,6097.847997137145,,,,1966.0,48.789
976,2,247,6107.847997137145,6107.847997137145,,,,1933.0,48.534
977,2,248,6117.847997137145,6117.847997137145,,,,1910.0,48.277
978,2,249,6127.847997137145,6127.847997137145,,,,1887.0,48.01
979,2,250,6137.847997137145,6137.847997137145,,,,1908.0,47.803
980,2,251,6147.847997137145,6147.847997137145,,,,1906.0,47.59
981,2,252,6157.847997137145,6157.847997137145,,,,1928.0,47.574
983,2,254,6177.847997137145,6177.847997137145,,,,1988.0,47.488
985,2,256,6197.847997137145,6197.847997137145,,,,2034.0,47.47
986,2,257,6207.847997137145,6207.847997137145,,,,2057.0,47.451
987,2,258,6217.847997137145,6217.847997137145,,,,2082.0,47.418
989,2,260,6237.847997137145,6237.847997137145,,,,2125.0,47.366
990,2,261,6247.847997137145,6247.847997137145,,,,2141.0,47.365
991,2,262,6257.847997137145,6257.847997137145,,,,2155.0,47.325
992,2,263,6267.847997137145,6267.847997137145,,,,2179.0,47.278
994,2,265,6287.847997137145,6287.847997137145,,,,2197.0,47.238
995,2,266,6297.847997137145,6297.847997137145,,,,2223.0,47.114
998,2,269,6327.847997137145,6327.847997137145,,,,2271.0,47.097
999,2,270,6337.847997137145,6337.847997137145,,,,2309.0,47.065
1001,2,272,6357.847997137145,6357.847997137145,,,,2378.0,46.942
1002,2,273,6367.847997137145,6367.847997137145,,,,2395.0,46.762
1003,2,274,6377.847997137145,6377.847997137145,,,,2369.0,46.506
1004,2,275,6387.847997137145,6387.847997137145,,,,2343.0,46.24
1005,2,276,6397.847997137145,6397.847997137145,,,,2311.0,45.976
1006,2,277,6407.847997137145,6407.847997137145,,,,2283.0,45.696
1007,2,278,6417.847997137145,6417.847997137145,,,,2258.0,45.416
1008,2,279,6427.847997137145,6427.847997137145,,,,2222.0,45.149
1009,2,280,6437.847997137145,6437.847997137145,,,,2202.0,44.879
1010,2,281,6447.847997137145,6447.847997137145,,,,2184.0,44.63
1011,2,282,6457.847997137145,6457.847997137145,,,,2176.0,44.377
1012,2,283,6467.847997137145,6467.847997137145,,,,2150.0,44.135
1013,2,284,6477.847997137145,6477.847997137145,,,,2134.0,43.893
1014,2,285,6487.847997137145,6487.847997137145,,,,2117.0,43.664
1015,2,286,6497.847997137145,6497.847997137145,,,,2100.0,43.429
1016,2,287,6507.847997137145,6507.847997137145,,,,2083.0,43.193
1017,2,288,6517.847997137145,6517.847997137145,,,,2077.0,42.969
1018,2,289,6527.847997137145,6527.847997137145,,,,2063.0,42.77
1019,2,290,6537.847997137145,6537.847997137145,,,,2046.0,42.546
1020,2,291,6547.847997137145,6547.847997137145,,,,2031.0,42.317
1021,2,292,6557.847997137145,6557.847997137145,,,,2015.0,42.099
1022,2,293,6567.847997137145,6567.847997137145,,,,1991.0,41.884
1023,2,294,6577.847997137145,6577.847997137145,,,,1970.0,41.657
1024,2,295,6587.847997137145,6587.847997137145,,,,1956.0,41.438
1025,2,296,6597.847997137145,6597.847997137145,,,,1944.0,41.234
1026,2,297,6607.847997137145,6607.847997137145,,,,1922.0,41.03
1027,2,298,6617.847997137145,6617.847997137145,,,,1898.0,40.811
1028,2,299,6627.847997137145,6627.847997137145,,,,1878.0,40.594
1029,2,300,6637.847997137145,6637.847997137145,,,,1858.0,40.375
1030,2,301,6647.847997137145,6647.847997137145,,,,1840.0,40.157
1031,2,302,6657.847997137145,6657.847997137145,,,,1821.0,39.969
1032,2,303,6667.847997137145,6667.847997137145,,,,1805.0,39.739
1033,2,304,6677.847997137145,6677.847997137145,,,,1788.0,39.534
1034,2,305,6687.847997137145,6687.847997137145,,,,1764.0,39.338
1035,2,306,6697.847997137145,6697.847997137145,,,,1730.0,39.112
1036,2,307,6707.847997137145,6707.847997137145,,,,1721.0,38.913
1037,2,308,6717.847997137145,6717.847997137145,,,,1709.0,38.721
1038,2,309,6727.847997137145,6727.847997137145,,,,1683.0,38.537
1039,2,310,6737.847997137145,6737.847997137145,,,,1652.0,38.358
1040,2,311,6747.847997137145,6747.847997137145,,,,1636.0,38.164
1041,2,312,6757.847997137145,6757.847997137145,,,,1630.0,37.988
1042,2,313,6767.847997137145,6767.847997137145,,,,1628.0,37.801
1043,2,314,6777.847997137145,6777.847997137145,,,,1624.0,37.617
1044,2,315,6787.847997137145,6787.847997137145,,,,1635.0,37.448
1045,2,316,6797.847997137145,6797.847997137145,,,,1646.0,37.26
1046,2,317,6807.847997137145,6807.847997137145,,,,1662.0,37.076
1047,2,318,6817.847997137145,6817.847997137145,,,,1690.0,36.892
1048,2,319,6827.847997137145,6827.847997137145,,,,1723.0,36.741
1051,2,322,6857.847997137145,6857.847997137145,,,,1801.0,36.682
1053,2,324,6877.847997137145,6877.847997137145,,,,1861.0,36.654
1055,2,326,6897.847997137145,6897.847997137145,,,,1927.0,36.618
1057,2,328,6917.847997137145,6917.847997137145,,,,1989.0,36.579
1059,2,330,6937.847997137145,6937.847997137145,,,,2046.0,36.572
1060,2,331,6947.847997137145,6947.847997137145,,,,2071.0,36.545
1061,2,332,6957.847997137145,6957.847997137145,,,,2097.0,36.544
1062,2,333,6967.847997137145,6967.847997137145,,,,2121.0,36.514
1063,2,334,6977.847997137145,6977.847997137145,,,,2143.0,36.462
1065,2,336,6997.847997137145,6997.847997137145,,,,2186.0,36.391
1067,2,338,7017.847997137145,7017.847997137145,,,,2229.0,36.382
1070,2,341,7047.847997137145,7047.847997137145,,,,2295.0,36.365
1073,2,344,7077.847997137145,7077.847997137145,,,,2346.0,36.334
1076,2,347,7107.847997137145,7107.847997137145,,,,2395.0,36.291
1077,2,348,7117.847997137145,7117.847997137145,,,,2401.0,36.133
1078,2,349,7127.847997137145,7127.847997137145,,,,2394.0,35.932
1079,2,350,7137.847997137145,7137.847997137145,,,,2396.0,35.747
1080,2,351,7147.847997137145,7147.847997137145,,,,2376.0,35.516
1081,2,352,7157.847997137145,7157.847997137145,,,,2358.0,35.283
1082,2,353,7167.847997137145,7167.847997137145,,,,2333.0,35.03
1083,2,354,7177.847997137145,7177.847997137145,,,,2314.0,34.78
1084,2,355,7187.847997137145,7187.847997137145,,,,2295.0,34.519
1085,2,356,7197.847997137145,7197.847997137145,,,,2268.0,34.248
1086,2,357,7207.847997137145,7207.847997137145,,,,2238.0,33.997
1087,2,358,7217.847997137145,7217.847997137145,,,,2216.0,33.769
1088,2,359,7227.847997137145,7227.847997137145,,,,2206.0,33.548
1089,2,360,7237.847997137145,7237.847997137145,,,,2196.0,33.327
1090,2,361,7247.847997137145,7247.847997137145,,,,2188.0,33.133
1091,2,362,7257.847997137145,7257.847997137145,,,,2174.0,32.9
1092,2,363,7267.847997137145,7267.847997137145,,,,2161.0,32.673
1093,2,364,7277.847997137145,7277.847997137145,,,,2147.0,32.457
1094,2,365,7287.847997137145,7287.847997137145,,,,2132.0,32.242
1095,2,366,7297.847997137145,7297.847997137145,,,,2116.0,32.027
1096,2,367,7307.847997137145,7307.847997137145,,,,2102.0,31.822
1097,2,368,7317.847997137145,7317.847997137145,,,,2083.0,31.617
1098,2,369,7327.847997137145,7327.847997137145,,,,2062.0,31.403
1099,2,370,7337.847997137145,7337.847997137145,,,,2036.0,31.212
1100,2,371,7347.847997137145,7347.847997137145,,,,2011.0,30.997
1101,2,372,7357.847997137145,7357.847997137145,,,,1989.0,30.796
1102,2,373,7367.847997137145,7367.847997137145,,,,1974.0,30.599
1103,2,374,7377.847997137145,7377.847997137145,,,,1954.0,30.398
1104,2,375,7387.847997137145,7387.847997137145,,,,1933.0,30.2
1105,2,376,7397.847997137145,7397.847997137145,,,,1908.0,30.009
1106,2,377,7407.847997137145,7407.847997137145,,,,1906.0,29.811
1107,2,378,7417.847997137145,7417.847997137145,,,,1912.0,29.616
1108,2,379,7427.847997137145,7427.847997137145,,,,1928.0,29.423
1109,2,380,7437.847997137145,7437.847997137145,,,,1949.0,29.405
1110,2,381,7447.847997137145,7447.847997137145,,,,1968.0,29.394
1111,2,382,7457.847997137145,7457.847997137145,,,,1988.0,29.377
1112,2,383,7467.847997137145,7467.847997137145,,,,2010.0,29.314
1114,2,385,7487.847997137145,7487.847997137145,,,,2047.0,29.247
1116,2,387,7507.847997137145,7507.847997137145,,,,2083.0,29.223
1118,2,389,7527.847997137145,7527.847997137145,,,,2108.0,29.204
1124,3,4,7573.847997137145,7573.847997137145,,,,2138.0,29.132
1125,3,5,7583.847997137145,7583.847997137145,,,,2141.0,29.003
1126,3,6,7593.847997137145,7593.847997137145,,,,2134.0,28.854
1127,3,7,7603.847997137145,7603.847997137145,,,,2126.0,28.693
1128,3,8,7613.847997137145,7613.847997137145,,,,2116.0,28.508
1129,3,9,7623.847997137145,7623.847997137145,,,,2103.0,28.319
1130,3,10,7633.847997137145,7633.847997137145,,,,2092.0,28.137
1131,3,11,7643.847997137145,7643.847997137145,,,,2076.0,27.972
1132,3,12,7653.847997137145,7653.847997137145,,,,2065.0,27.798
1133,3,13,7663.847997137145,7663.847997137145,,,,2051.0,27.623
1134,3,14,7673.847997137145,7673.847997137145,,,,2034.0,27.448
1135,3,15,7683.847997137145,7683.847997137145,,,,2001.0,27.297
1136,3,16,7693.847997137145,7693.847997137145,,,,1983.0,27.109
1137,3,17,7703.847997137145,7703.847997137145,,,,1971.0,26.92
1138,3,18,7713.847997137145,7713.847997137145,,,,1960.0,26.733
1139,3,19,7723.847997137145,7723.847997137145,,,,1933.0,26.53
1140,3,20,7733.847997137145,7733.847997137145,,,,1911.0,26.336
1141,3,21,7743.847997137145,7743.847997137145,,,,1897.0,26.174
1142,3,22,7753.847997137145,7753.847997137145,,,,1872.0,26.006
1143,3,23,7763.847997137145,7763.847997137145,,,,1855.0,25.826
1144,3,24,7773.847997137145,7773.847997137145,,,,1843.0,25.663
1145,3,25,7783.847997137145,7783.847997137145,,,,1827.0,25.499
1146,3,26,7793.847997137145,7793.847997137145,,,,1808.0,25.334
1147,3,27,7803.847997137145,7803.847997137145,,,,1796.0,25.171
1148,3,28,7813.847997137145,7813.847997137145,,,,1778.0,25.002
1149,3,29,7823.847997137145,7823.847997137145,,,,1778.0,24.838
1150,3,30,7833.847997137145,7833.847997137145,,,,1769.0,24.685
1151,3,31,7843.847997137145,7843.847997137145,,,,1756.0,24.523
1152,3,32,7853.847997137145,7853.847997137145,,,,1744.0,24.351
1153,3,33,7863.847997137145,7863.847997137145,,,,1725.0,24.165
1154,3,34,7873.847997137145,7873.847997137145,,,,1718.0,23.985
1155,3,35,7883.847997137145,7883.847997137145,,,,1715.0,23.811
1156,3,36,7893.847997137145,7893.847997137145,,,,1710.0,23.631
1157,3,37,7903.847997137145,7903.847997137145,,,,1700.0,23.457
1158,3,38,7913.847997137145,7913.847997137145,,,,1693.0,23.299
1159,3,39,7923.847997137145,7923.847997137145,,,,1678.0,23.146
1160,3,40,7933.847997137145,7933.847997137145,,,,1660.0,22.98
1161,3,41,7943.847997137145,7943.847997137145,,,,1655.0,22.796
1162,3,42,7953.847997137145,7953.847997137145,,,,1649.0,22.631
1163,3,43,7963.847997137145,7963.847997137145,,,,1642.0,22.471
1164,3,44,7973.847997137145,7973.847997137145,,,,1639.0,22.332
1165,3,45,7983.847997137145,7983.847997137145,,,,1632.0,22.186
1166,3,46,7993.847997137145,7993.847997137145,,,,1626.0,22.039
1167,3,47,8003.847997137145,8003.847997137145,,,,1614.0,21.893
1168,3,48,8013.847997137145,8013.847997137145,,,,1588.0,21.739
1169,3,49,8023.847997137145,8023.847997137145,,,,1561.0,21.589
1170,3,50,8033.847997137145,8033.847997137145,,,,1542.0,21.449
1171,3,51,8043.847997137145,8043.847997137145,,,,1534.0,21.318
1172,3,52,8053.847997137145,8053.847997137145,,,,1514.0,21.178
1173,3,53,8063.847997137145,8063.847997137145,,,,1480.0,21.04
1174,3,54,8073.847997137145,8073.847997137145,,,,1460.0,20.873
1175,3,55,8083.847997137145,8083.847997137145,,,,1443.0,20.726
1176,3,56,8093.847997137145,8093.847997137145,,,,1437.0,20.569
1177,3,57,8103.847997137145,8103.847997137145,,,,1430.0,20.413
1178,3,58,8113.847997137145,8113.847997137145,,,,1415.0,20.267
1179,3,59,8123.847997137145,8123.847997137145,,,,1411.0,20.119
1180,3,60,8133.847997137145,8133.847997137145,,,,1415.0,19.991
1181,3,61,8143.847997137145,8143.847997137145,,,,1426.0,19.866
1182,3,62,8153.847997137145,8153.847997137145,,,,1419.0,19.768
1183,3,63,8163.847997137145,8163.847997137145,,,,1406.0,19.658
1184,3,64,8173.847997137145,8173.847997137145,,,,1397.0,19.513
1185,3,65,8183.847997137145,8183.847997137145,,,,1396.0,19.378
1186,3,66,8193.847997137145,8193.847997137145,,,,1386.0,19.262
1187,3,67,8203.847997137145,8203.847997137145,,,,1399.0,19.157
1220,3,100,8533.847997137145,8533.847997137145,,,,1664.0,18.996
1221,3,101,8543.847997137145,8543.847997137145,,,,1641.0,18.829
1222,3,102,8553.847997137145,8553.847997137145,,,,1621.0,18.678
1223,3,103,8563.847997137145,8563.847997137145,,,,1599.0,18.536
1224,3,104,8573.847997137145,8573.847997137145,,,,1580.0,18.395
1225,3,105,8583.847997137145,8583.847997137145,,,,1562.0,18.248
1226,3,106,8593.847997137145,8593.847997137145,,,,1542.0,18.102
1227,3,107,8603.847997137145,8603.847997137145,,,,1523.0,17.985
1228,3,108,8613.847997137145,8613.847997137145,,,,1511.0,17.834
1229,3,109,8623.847997137145,8623.847997137145,,,,1495.0,17.67
1230,3,110,8633.847997137145,8633.847997137145,,,,1474.0,17.537
1231,3,111,8643.847997137145,8643.847997137145,,,,1451.0,17.418
1232,3,112,8653.847997137145,8653.847997137145,,,,1424.0,17.311
1233,3,113,8663.847997137145,8663.847997137145,,,,1405.0,17.259
1234,3,114,8673.847997137145,8673.847997137145,,,,1380.0,17.186
1235,3,115,8683.847997137145,8683.847997137145,,,,1362.0,17.116
1236,3,116,8693.847997137145,8693.847997137145,,,,1341.0,17.072
1237,3,117,8703.847997137145,8703.847997137145,,,,1318.0,16.999
1238,3,118,8713.847997137145,8713.847997137145,,,,1301.0,16.942
1239,3,119,8723.847997137145,8723.847997137145,,,,1284.0,16.853
1240,3,120,8733.847997137145,8733.847997137145,,,,1270.0,16.743
1241,3,121,8743.847997137145,8743.847997137145,,,,1263.0,16.598
1242,3,122,8753.847997137145,8753.847997137145,,,,1253.0,16.456
1243,3,123,8763.847997137145,8763.847997137145,,,,1247.0,16.312
1244,3,124,8773.847997137145,8773.847997137145,,,,1252.0,16.164
1245,3,125,8783.847997137145,8783.847997137145,,,,1271.0,16.007
1246,3,126,8793.847997137145,8793.847997137145,,,,1278.0,15.941
1275,3,155,9083.847997137145,9083.847997137145,,,,1617.0,15.907
1276,3,156,9093.847997137145,9093.847997137145,,,,1591.0,15.74
1277,3,157,9103.847997137145,9103.847997137145,,,,1568.0,15.584
1278,3,158,9113.847997137145,9113.847997137145,,,,1562.0,15.421
1279,3,159,9123.847997137145,9123.847997137145,,,,1562.0,15.281
1280,3,160,9133.847997137145,9133.847997137145,,,,1568.0,15.146
1281,3,161,9143.847997137145,9143.847997137145,,,,1570.0,15.033
1282,3,162,9153.847997137145,9153.847997137145,,,,1588.0,14.956
1316,3,196,9493.847997137145,9493.847997137145,,,,1997.0,14.895
1317,3,197,9503.847997137145,9503.847997137145,,,,2002.0,14.729
1318,3,198,9513.847997137145,9513.847997137145,,,,2035.0,14.582
1319,3,199,9523.847997137145,9523.847997137145,,,,2049.0,14.502
1323,3,203,9563.847997137145,9563.847997137145,,,,2042.0,14.41
1324,3,204,9573.847997137145,9573.847997137145,,,,2030.0,14.222
1325,3,205,9583.847997137145,9583.847997137145,,,,2031.0,14.01
1326,3,206,9593.847997137145,9593.847997137145,,,,2009.0,13.804
1327,3,207,9603.847997137145,9603.847997137145,,,,1994.0,13.636
1328,3,208,9613.847997137145,9613.847997137145,,,,1981.0,13.451
1329,3,209,9623.847997137145,9623.847997137145,,,,1946.0,13.271
1330,3,210,9633.847997137145,9633.847997137145,,,,1914.0,13.068
1331,3,211,9643.847997137145,9643.847997137145,,,,1881.0,12.85
1332,3,212,9653.847997137145,9653.847997137145,,,,1863.0,12.678
1333,3,213,9663.847997137145,9663.847997137145,,,,1833.0,12.5
1334,3,214,9673.847997137145,9673.847997137145,,,,1803.0,12.319
1335,3,215,9683.847997137145,9683.847997137145,,,,1777.0,12.141
1336,3,216,9693.847997137145,9693.847997137145,,,,1758.0,11.963
1337,3,217,9703.847997137145,9703.847997137145,,,,1738.0,11.79
1338,3,218,9713.847997137145,9713.847997137145,,,,1711.0,11.624
1339,3,219,9723.847997137145,9723.847997137145,,,,1686.0,11.485
1340,3,220,9733.847997137145,9733.847997137145,,,,1670.0,11.381
1341,3,221,9743.847997137145,9743.847997137145,,,,1656.0,11.261
1342,3,222,9753.847997137145,9753.847997137145,,,,1635.0,11.115
1343,3,223,9763.847997137145,9763.847997137145,,,,1639.0,10.993
1344,3,224,9773.847997137145,9773.847997137145,,,,1635.0,10.866
1345,3,225,9783.847997137145,9783.847997137145,,,,1650.0,10.744
1346,3,226,9793.847997137145,9793.847997137145,,,,1654.0,10.596
1347,3,227,9803.847997137145,9803.847997137145,,,,1651.0,10.454
1348,3,228,9813.847997137145,9813.847997137145,,,,1633.0,10.303
1349,3,229,9823.847997137145,9823.847997137145,,,,1627.0,10.163
1350,3,230,9833.847997137145,9833.847997137145,,,,1637.0,10.036
1351,3,231,9843.847997137145,9843.847997137145,,,,1609.0,9.886
1352,3,232,9853.847997137145,9853.847997137145,,,,1581.0,9.716
1353,3,233,9863.847997137145,9863.847997137145,,,,1567.0,9.542
1354,3,234,9873.847997137145,9873.847997137145,,,,1545.0,9.364
1355,3,235,9883.847997137145,9883.847997137145,,,,1529.0,9.178
1356,3,236,9893.847997137145,9893.847997137145,,,,1505.0,9.003
1357,3,237,9903.847997137145,9903.847997137145,,,,1491.0,8.846
1358,3,238,9913.847997137145,9913.847997137145,,,,1481.0,8.693
1359,3,239,9923.847997137145,9923.847997137145,,,,1486.0,8.541
1360,3,240,9933.847997137145,9933.847997137145,,,,1507.0,8.409
1370,3,250,10033.847997137145,10033.847997137145,,,,1693.0,8.208
1371,3,251,10043.847997137145,10043.847997137145,,,,1678.0,7.983
1372,3,252,10053.847997137145,10053.847997137145,,,,1662.0,7.728
1373,3,253,10063.847997137145,10063.847997137145,,,,1624.0,7.472
1374,3,254,10073.847997137145,10073.847997137145,,,,1578.0,7.224
1375,3,255,10083.847997137145,10083.847997137145,,,,1519.0,6.944
1376,3,256,10093.847997137145,10093.847997137145,,,,1486.0,6.65
1377,3,257,10103.847997137145,10103.847997137145,,,,1482.0,6.391
1378,3,258,10113.847997137145,10113.847997137145,,,,1474.0,6.172
1379,3,259,10123.847997137145,10123.847997137145,,,,1418.0,5.972
1380,3,260,10133.847997137145,10133.847997137145,,,,1373.0,5.729
1381,3,261,10143.847997137145,10143.847997137145,,,,1339.0,5.482
1382,3,262,10153.847997137145,10153.847997137145,,,,1312.0,5.245
1383,3,263,10163.847997137145,10163.847997137145,,,,1276.0,5.0
1384,3,264,10173.847997137145,10173.847997137145,,,,1235.0,4.758
1385,3,265,10183.847997137145,10183.847997137145,,,,1186.0,4.503
1386,3,266,10193.847997137145,10193.847997137145,,,,1165.0,4.285
1387,3,267,10203.847997137145,10203.847997137145,,,,1102.0,4.046
1388,3,268,10213.847997137145,10213.847997137145,,,,1049.0,3.796
1389,3,269,10223.847997137145,10223.847997137145,,,,1009.0,3.551
1390,3,270,10233.847997137145,10233.847997137145,,,,960.0,3.302
1391,3,271,10243.847997137145,10243.847997137145,,,,940.0,3.079
1392,3,272,10253.847997137145,10253.847997137145,,,,914.0,2.873
1393,3,273,10263.847997137145,10263.847997137145,,,,882.0,2.667
1394,3,274,10273.847997137145,10273.847997137145,,,,849.0,2.45
1395,3,275,10283.847997137145,10283.847997137145,,,,820.0,2.239
1396,3,276,10293.847997137145,10293.847997137145,,,,785.0,2.02
1397,3,277,10303.847997137145,10303.847997137145,,,,752.0,1.784
1398,3,278,10313.847997137145,10313.847997137145,,,,709.0,1.526
1399,3,279,10323.847997137145,10323.847997137145,,,,689.0,1.266
1400,3,280,10333.847997137145,10333.847997137145,,,,636.0,1.006
1401,3,281,10343.847997137145,10343.847997137145,,,,604.0,0.745
1402,3,282,10353.847997137145,10353.847997137145,,,,579.0,0.51
1403,3,283,10363.847997137145,10363.847997137145,,,,546.0,0.256
0,4,1403,10373.755546195394,10373.755546195394,,,,505.38,0.0
